2020-01-01,Lincoln Buzzbox,125,100,-25,,,,Starting Price: ,,
2020-01-01,Reed Vise,50,,,,,,Starting Price: ,,
2020-01-01,Hitachi Nail Gun,25,68,43,2021-01-30,11-A-1,,11\,Starting Price: 75,,
2020-01-01,Shaper Blades,,,,,10-A-1,,10\,Starting Price: .99A\,Came w/ 6\" Metal Lathe,,
2020-01-01,Planer Blades - Helical,,85,85,2021-02-17,12-A-1,,12\,Starting Price: 100,,
2020-01-01,Planer Blades - Straight,,95,95,2021-05-02,13-A-1,,13\, Shipping 60\,Starting Price: 100,,
2020-01-01,Craftsman Wood Lathe,150,150,0,,,,Starting Price: ,,
2020-01-01,Craftsman 6\" Metal Lathe,225,560,335,,,,Starting Price: ,,
2020-01-01,Extra 6\" Craftsman Lathe Gears Qty:6 + 1 Spacer,,60,-125,2021-02-04,34-A-1,,34\,Starting Price: 65\,Rest of gear sold with 6\" Craftsman lathe,,
2020-01-01,Shopsmith Shaper Parts/Blades,,,,,33-A-1,,33\,Starting Price: 150,,
2020-01-01,1/4 hp. Motor,40,46,6,2021-03-14,56-A-1,,56\,Starting Price: 80,,
2020-01-01,Craftsman 10\" Metal Lathe,500,1000,500,,,,Starting Price: ,,
2020-01-01,Craftsman Drill Press,15,,,,,,Starting Price: \,Estate Sale in Des Plaines,,
2020-01-01,Logan Lathe,800,,,,,,Starting Price: \,Ron's,,
2020-01-01,Clausing Mill,900,,,,,,Starting Price: \,Ron's,,
2020-01-01,Mastercraft 700R,,218,218,2023-02-20,250-A-1,,250\,Starting Price: 34lbs\, 17x12x11\,Ron's\, came with mill,,
2020-01-01,Stanley Bench Grinder,50,,,,,,Starting Price: \,Ron's,,
2020-01-01,Lot 2 Stanley Planes,30,,,,,,Starting Price: ,,
2020-01-01,Stanley SH No. 4,,,,,,,Starting Price: ,,
2020-01-01,Stanley No. 3,,15.5,,2021-05-27,62-A-1,,62\,Starting Price: ,,
2020-01-01,Misc Tool Lots,40,117.75,77.75,,,,Starting Price: ,,
2020-01-01,Box of Endmills,,,,,,,Starting Price: ,,
2020-01-01,Box of Reamers,,,,,,,Starting Price: ,,
2020-01-01,Gage Pin Set (Unmarked),,4.25,,2021-02-06,15-A-1,,15\,Starting Price: .99A,,
2020-01-01,Starrett Weber Gage Block Set (Few pieces + box),,113.5,,2021-02-06,52-A-1,,52\,Starting Price: .99A,,
2020-01-01,Mitutoyo Mic Set (0-6 in box W/ standards),150,,,,,,Starting Price: \,From Wire Place on Elston,,
2020-01-01,Mitutoyo 7-8\" Mic,20,,,,2-A-1,,2\,Starting Price: 150,,
2020-01-01,Mitutoyo 10-11\" Mic,20,,,,3-A-1,,3\,Starting Price: 150,,
2020-01-01,Mitutoyo 12\" Dial Caliper,50,,,,,,Starting Price: \,For Personal Use,,
2020-01-01,Mitutoyo 12\" Dial Caliper W/ Case,20,95,75,2021-02-13,1-A-1,,1\,Starting Price: 110,,
2020-01-01,Indicating Mic,20,,,,,,Starting Price: ,,
2020-01-01,Fowler 1\" Indicating Mic,20,,,,,,Starting Price: ,,
2020-01-01,Craftsman 12\" Bandsaw,23,160,127,2020-08-02,,,Starting Price: \,Met Rudy at Estate sale!,,
2020-01-01,Craftsman 4\" Jointer,21,50,29,2020-10-09,,,Starting Price: \,Sold to Sam\, teacher,,
2020-01-01,Canon AF35,10,,,,17-A-1,,17\,Starting Price: 100,,
2020-08-03,Snap-On 3/8\" Drive Set,150,(Gift) 0,,,,,Starting Price: \,Present for Jerome\, from John Aple's Father (John)\, his pawn shop in Des Plaines\, Alexander Pawn,,
2020-08-14,Sargent 12\" Wing Dividers,1,,,,,,Starting Price: ,,
2020-08-15,Craftsman #4 Bench Plane,20,,,,4-A-1,,4\,Starting Price: .99A\,Garage Sale - Margret,,
2020-08-15,Stanley 5 1/4 Bench Plane,20,70,50,2021-01-31,5-A-1,,5\,Starting Price: 75,,
2020-08-28,Morgan Vise - 150,80,,,,,,Starting Price: \,Jan\, owner from \"Above & Beyone\"\, talked down from 150,,
2020-08-28,Misc tools (D-bits\, allen keys),20,,,,,,Starting Price: ,,
2020-09-05,Brass (40.0LBS),30,,,,,,Starting Price: \,Ron's,,
2020-09-05,From Ron's Estate\, All 1 purchace,200,,,,,,Starting Price: \,Ron's,,
2020-09-05,MHC Percision Paralell Set,,,,,,,Starting Price: \,P789,,
2020-09-05,Slitting Saws (41),,,,,,,Starting Price: ,,
2020-09-05,Enco Mag Base,,,,,,,Starting Price: \,Model  300\, just base part and small arm,,
2020-09-05,Ken-Oil O1 1/2\"x5/8\"x18\",,,,,,,Starting Price: ,,
2020-09-05,Montgomery Transfer Punch Set,,,,,,,Starting Price: ,,
2020-09-05,Bunting 1.5Lb Brass Hammer,,,,,,,Starting Price: ,,
2020-09-05,Plumb 8oz Ball Peen Hammer,,,,,,,Starting Price: ,,
2020-09-05,Millers Falls No. 37 Block Plane,,,,,,,Starting Price: \,Original Box,,
2020-09-05,Starrett 39-8 Lock  8\" Caliper,,,,,,,Starting Price: ,,
2020-09-05,Starrett Inside Caliper 4\",,,,,,,Starting Price: ,,
2020-09-05,Starrett Outside Caliper 3\",,,,,,,Starting Price: ,,
2020-09-05,Starrett Automatic Center Punch 18-AA,,,,,,,Starting Price: ,,
2020-09-05,Starrett Speed Indicator,,,,,,,Starting Price: ,,
2020-09-05,Standard Circular Sheet Metal Gauge,,,,,,,Starting Price: ,,
2020-09-05,Blodgett Twist Drill / Steel Wire Gauge,,,,,,,Starting Price: ,,
2020-09-05,Brown and Sharpe Magnetic Surface Gauge 7743 ,,,,,,,Starting Price: ,,
2020-09-05,Unmarked Magnetic Base,,,,,,,Starting Price: ,,
2020-09-05,Brown and Sharpe Small Surface Gague 620B,,,,,,,Starting Price: \,No Arm,,
2020-09-05,Unmarked Surface Gague,,,,,,,Starting Price: \,No Arm,,
2020-09-05,MHC Indicator Pointer Set,,,,,,,Starting Price: ,,
2020-09-05,Starrett Drive Pin Punch Set S565WB,,,,,,,Starting Price: ,,
2020-09-05,Starrett V-Block Set 271,,,,,,,Starting Price: ,,
2020-09-05,Unmarked V-Block 3.25\",,,,,,,Starting Price: ,,
2020-09-05,E Davis 30-60-90 Angle Plate,,,,,,,Starting Price: ,,
2020-09-05,E Davis 45-45-90 Angle Plate,,,,,,,Starting Price: ,,
2020-09-05,C Chandler 90 Angle Plate,,,,,,,Starting Price: ,,
2020-09-05,Drill Bit Index 1/16-1/2,,,,,,,Starting Price: ,,
2020-09-05,Drill Bit Index A-Z,,,,,,,Starting Price: ,,
2020-09-05,Drill Bit Index 1-60,,,,,,,Starting Price: ,,
2020-09-05,Drill Bit Index 1-60,,,,,,,Starting Price: ,,
2020-09-05,Brown and Sharpe Square 2.5\" 554,,,,,,,Starting Price: \,GET DIAG PIECE,,
2020-09-05,Brown and Sharpe Square (540?),,,,,,,Starting Price: ,,
2020-09-05,Lynn Machinists Square,,,,,,,Starting Price: ,,
2020-09-05,Craftsman Progractor 9-4029,,,,,,,Starting Price: \,W/ Sleeve,,
2020-09-05,Micro-Mark Toolmaker's Bench Block,,,,,,,Starting Price: ,,
2020-09-05,6 Misc. File,,,,,,,Starting Price: ,,
2020-09-05,2 Deburrer/Burnisher?,,,,,,,Starting Price: ,,
2020-09-05,2 Misc. Charts,,,,,,,Starting Price: ,,
2020-09-05,Asstd Set Screws,,,,,,,Starting Price: ,,
2020-09-05,Eclipse Dovetial Saw 45,,,,,,,Starting Price: ,,
2020-09-05,Disston Dovetial Saw 68,,,,,,,Starting Price: ,,
2020-09-05,Brown and Sharpe Feeler Gauge Set 647,,,,,,,Starting Price: ,,
2020-09-05,HSS Blanks ~18Lbs,,,,,,,Starting Price: ,,
2020-09-05,Stanley 136,,,,,,,Starting Price: ,,
2020-09-05,Letter Punch Set,,,,,,,Starting Price: ,,
2020-09-05,Edge Finder ,,,,,,,Starting Price: ,,
2020-09-05,2 Starret Jacks Only 191A,,,,,,,Starting Price: ,,
2020-09-05,2 General Machinist's Jacks W/   Box No. 7,,,,,,,Starting Price: ,,
2020-09-05,2 General Machinist's Jacks W/O Box No. 7,,,,,,,Starting Price: ,,
2020-09-05,Unmarked Machinist's Jack,,,,,,,Starting Price: ,,
2020-09-05,Chaparral 1/16-3/8 Chuck Model C-38-3-1,,,,,,,Starting Price: \,3/8-24 Thread,,
2020-09-05,Supreme 0-1/4 Chuck 1T,,,,,,,Starting Price: ,,
2020-09-05,Unmarked 1/16-3/8 Drill Chuck,,,,,,,Starting Price: \,3/8-24 Thread,,
2020-09-05,PYH 1/2\" Keyless Chuck,,,,,,,Starting Price: ,,
2020-09-05,Starrett Center Finder Complete S-828H,,,,,,,Starting Price: ,,
2020-09-05,Craftsman Tap Wrench,,,,,,,Starting Price: ,,
2020-09-05,2 Starrett Protractor? No 12 (490?),,,,,,,Starting Price: ,,
2020-09-05,6 Brown and Sharpe #7 Collets,,,,,,,Starting Price: ,,
2020-09-05,7 Brown and Sharpe 00 Collets,,,,,,,Starting Price: ,,
2020-09-05,5 MT2 Collets,,,,,,,Starting Price: ,,
2020-09-05,Desmond Wheel Dresser No 0,,,,,,,Starting Price: ,,
2020-09-05,Cal-Van Metric and SAE Hex Wench Sets,,,,,,,Starting Price: ,,
2020-09-05,Buck Bros 1/4\" Chisel,,,,,,,Starting Price: ,,
2020-09-05,Buck Bros 1/2\" Chisel,,,,,,,Starting Price: ,,
2020-09-05,Buck Bros 1/2\" Chisel,,,,,,,Starting Price: ,,
2020-09-05,Buck Bros 3/4\" Chisel,,,,,,,Starting Price: ,,
2020-09-05,Buck Bros  1 1/4\" Chisel,,,,,,,Starting Price: ,,
2020-09-05,Stanley SH 1/8\" Chisel,,,,,,,Starting Price: ,,
2020-09-05,Stanley SH 1/4\" Chisel,,,,,,,Starting Price: ,,
2020-09-05,Federal Dial Indicator .0005\" J6K,,,,,,,Starting Price: ,,
2020-09-05,Federal Dial Indicator .0005\" C5M,,,,,,,Starting Price: ,,
2020-09-05,Federal Dial Indicator .001\"  CD1,,,,,,,Starting Price: ,,
2020-09-05,Lathe Dog 1 1/2\",,,,,,,Starting Price: ,,
2020-09-05,Lathe Dog 1 1/2\",,,,,,,Starting Price: ,,
2020-09-05,3 D-Bit 17/32,,,,,,,Starting Price: \,MT2,,
2020-09-05,2 D-Bit 9/16,,,,,,,Starting Price: \,MT2,,
2020-09-05,D-Bit 9/16,,,,,,,Starting Price: \,Straight Shank,,
2020-09-05,D-Bit 21/32,,,,,,,Starting Price: \,Straight Shank,,
2020-09-05,D-Bit 5/8,,,,,,,Starting Price: \,Straight Shank,,
2020-09-05,2 D-Bit 5/8,,,,,,,Starting Price: \,MT2,,
2020-09-05,D-Bit 11/16,,,,,,,Starting Price: \,To Uncle John,,
2020-09-05,D-Bit 13/16,,,,,,,Starting Price: ,,
2020-09-05,D-Bit 15/16,,,,,,,Starting Price: ,,
2020-09-05,2 D-Bit 1,,,,,,,Starting Price: ,,
2020-09-05,D-Bit 1 1/8,,,,,,,Starting Price: ,,
2020-09-05,D-Bit 1 3/16,,,,,,,Starting Price: ,,
2020-09-05,D-Bit 1 1/4,,,,,,,Starting Price: ,,
2020-09-05,Spanner Wrench,,,,,,,Starting Price: ,,
2020-09-05,Stanley Hand Drill 617,,,,,,,Starting Price: ,,
2020-09-05,Stanley Spokeshave 151,,,,,,,Starting Price: \,Made in England,,
2020-09-05,Brown and Sharpe Mic 599-1,,,,,,,Starting Price: \,Original Case and Box,,
2020-09-05,Lufkin Mic 1641,,,,,,,Starting Price: ,,
2020-09-05,Spyderco Stones,,,,,,,Starting Price: \,W/ Leather Case,,
2020-09-05,4 Starrett Telescoping Bore Gauges,,,,,,,Starting Price: ,,
2020-09-05,6 Lufkin Telescoping Bore Gauges,,,,,,,Starting Price: ,,
2020-09-05,Starrett Bore Gauge Set of 3 829-D,,,,,,,Starting Price: ,,
2020-09-05,Companion Round Edge Slip Stone 6829,,,,,,,Starting Price: ,,
2020-09-05,Asstd. Norton India Stones,,,,,,,Starting Price: ,,
2020-09-05,3 Sided Arkansas Stone Sharpening Block,,,,,,,Starting Price: ,,
2020-09-05,Starrett 711?,,,,,,,Starting Price: ,,
2020-09-05,Starrett Last Word (Older),,,,,,,Starting Price: ,,
2020-09-05,Starrett Last Word (Newer),,,,,,,Starting Price: ,,
2020-09-05,Lufkin Depth Mic 513,,,,,,,Starting Price: ,,
2020-09-05,Starrett 4\" Level,,,,,,,Starting Price: ,,
2020-09-05,Starrett Adj. Parallels 154-D,,,,,,,Starting Price: ,,
2020-09-16,Dayton 8 Ton Bottle Jack,4,,,,,,Starting Price: ,,
2020-09-16,Lot 2 Stanley Planes,15,145.5,130.5,,,,Starting Price: ,,
2020-09-16,Stanley SH 192,,13,,2021-05-26,61-A-1,,61\,Starting Price: ,,
2020-09-16,Stanley 148 (146 3/8\"?),,132.5,,2021-03-11,107-A-1,3\,\,11\,7\,3,107\,Starting Price: ,,
2020-09-20,Snap On 1948 3/8 Speed Wrench,,,,,,,Starting Price: ,,
2020-10-15,Arbor Press No 2,50,,,,,,Starting Price: \,Lako Engineering\, Louie,,
2020-10-15,Spin Indexer,50,45,-5,2021-02-02,53-A-1,,53\,Starting Price: 50,,
2020-10-15,T-Slot Hold-down Clamps,40,,,,,,Starting Price: ,,
2020-10-15,B Surface Plate,50,,,,,,Starting Price: ,,
2020-10-15,Mitutoyo 12\" Height Gauge,50,,,,,,Starting Price: ,,
2020-10-15,Detroit test indicator .0005\",40,,,,,,Starting Price: ,,
2020-10-23,Test Indicator Hardware,25,,,,,,Starting Price: ,,
2020-10-23,1 7/8 Williams Socket,10,,,,,,Starting Price: ,,
2020-10-23,Oiler,5,,,,,,Starting Price: ,,
2020-10-23,45 45 90\, & 30 60 90 blocks,10,,,,,,Starting Price: ,,
2020-10-23,Misc. angle blocks,20,,,,,,Starting Price: ,,
2020-11-02,(All 1 purchace),30,,,,,,Starting Price: \,F H Ayer Mfg. Chicago Heights\, Bill on-site boss,,
2020-11-02,3/4 18N Jacobs Super Chuck W/ MT4 + MT4-5 shank,,,,,,,Starting Price: ,,
2020-11-02,Albrecht Chuck W/ MT5 Taper,,,,,,,Starting Price: ,,
2020-11-02,Endmill holder? W/ MT5 Shank,,,,,,,Starting Price: ,,
2020-11-02,Shako Live Center Set,,,,,,,Starting Price: ,,
2020-11-02,(All 1 purchase) Asstd taps (all prices are for all comb.),80,429.18,349.18,,,,Starting Price: ,,
2020-11-02,3\" NPT,,69.69,,2021-02-11,35-A-1,,35\,Starting Price: 80,,
2020-11-02,2.5\" NPTF,,65,,2021-02-15,36-A-1,,36\,Starting Price: 75,,
2020-11-02,2\" NPT (Card),,65,,2021-02-15,37-A-1,,37\,Starting Price: 65,,
2020-11-02,2\" NPT,,30,,2021-02-28,38-A-1,,38\,Starting Price: 65,,
2020-11-02,1 1/2\" NPT 5 Flute,,20,,2021-03-03,40-A-1,,40\,Starting Price: 35,,
2020-11-02,1 1/2\" NPT 7 Flute,,23,,2021-02-08,39-A-1,,39\,Starting Price: 40,,
2020-11-02,1\" NPT,,,,,,,Starting Price: ,,
2020-11-02,(3) 3/4\" NPT,,,,,,,Starting Price: ,,
2020-11-02,1/2\" NPT,,,,,,,Starting Price: ,,
2020-11-02,3/8 NPT,,,,,,,Starting Price: ,,
2020-11-02,1/4 NPT,,,,,,,Starting Price: ,,
2020-11-02,3 Pipe taps (1\"\, 3/4\"\, 3/4\" TiN),,12.5,,2021-04-28,18-A-1,,18\,Starting Price: 45,,
2020-11-02,2 11/16\" - 12,,,,,41-A-1,,41\, Part of Shipping Info 127\,Starting Price: 50,,
2020-11-02,2\" - 12,,25,,2021-04-01,42-A-1,,42\,Starting Price: 60,,
2020-11-02,1 3/4\" - 5 (B) LH,,20,,2021-07-02,31-A-1,,31\,Starting Price: 40\,LH Thread,,
2020-11-02,1 3/4\" - 5 (A),,,,,32-A-1,,32\, Part of Shipping Info 127\,Starting Price: 35,,
2020-11-02,1 5/8\" - 5 1/2,,,,,29-A-1,,29\, Part of Shipping Info 127\,Starting Price: 30,,
2020-11-02,1 5/8 - 5,,25,,2022-03-31,30-A-1,,30\,Starting Price: 35\,OD: 1.630\",,
2020-11-02,1 1/2 - 6 (A),,10,,2021-06-02,28-A-1,,28\,Starting Price: 15,,
2020-11-02,1 1/2 - 6 (B),,8,,2021-04-10,27-A-1,,27\,Starting Price: 15,,
2020-11-02,1 1/2 - 6 (C),,5,,2021-03-30,26-A-1,,26\,Starting Price: 10,,
2020-11-02,1 1/2 - 6 (D),,15,,2021-02-07,25-A-1,,25\,Starting Price: 15,,
2020-11-02,1 1/2 - 12,,12.5,,2021-02-07,24-A-1,,24\,Starting Price: 25,,
2020-11-02,Lot of Taps and Die For Sale (Rest of taps and dies lot),,0.99,,,127-A-1,,127\, 14lbs\, 10x9x5\,Starting Price: ,,
2020-11-02,Misc Dies (Same Purchase as Asstd taps),,,,,,,Starting Price: ,,
2020-11-02,7/8 - 9 Die,,,,,23-A-1,,23\,Starting Price: 10,,
2020-11-02,1 1/2 - 6 Die (Chaser),,10,,2021-03-29,22-A-1,,22\,Starting Price: 10,,
2020-11-02,1 1/2 - 12 Die (Chaser),,12.5,,2021-02-07,21-A-1,,21\,Starting Price: 20,,
2020-11-02,1.767 - 12 Widell Die,,,,,20-A-1,,20\, Part of Shipping Info 127\,Starting Price: 5A,,
2020-11-02,1/4 E.C & B.C Square Pipe tap,,,,,19-A-1,,19\, Part of Shipping Info 127\,Starting Price: 10,,
2020-11-02,Maple Workbench Top,10,,,,,,Starting Price: ,,
2020-11-04,Asstd S&D Drill bits 17- 27/32 - 1 1/2,45,55,10,2021-02-15,55-A-1,,55\,Starting Price: 60,,
2020-11-04,27/32,,,,,,,Starting Price: ,,
2020-11-04,7/8,,,,,,,Starting Price: ,,
2020-11-04,57/64,,,,,,,Starting Price: ,,
2020-11-04,29/32,,,,,,,Starting Price: ,,
2020-11-04,59/64,,,,,,,Starting Price: ,,
2020-11-04,15/16,,,,,,,Starting Price: ,,
2020-11-04,61/64,,,,,,,Starting Price: ,,
2020-11-04,31/32,,,,,,,Starting Price: ,,
2020-11-04,63/64,,,,,,,Starting Price: ,,
2020-11-04,1 1/16,,,,,,,Starting Price: ,,
2020-11-04,(2) 1 1/8,,,,,,,Starting Price: ,,
2020-11-04,1 3/16,,,,,,,Starting Price: ,,
2020-11-04,3 1 1/4,,,,,,,Starting Price: ,,
2020-11-04,2 1 5/16,,,,,,,Starting Price: ,,
2020-11-04,3 1 3/8,,,,,,,Starting Price: ,,
2020-11-04,2 1 7/16,,,,,,,Starting Price: ,,
2020-11-04,1 1/2,,,,,,,Starting Price: ,,
2020-11-04,Yuasa News Spin-Index Fixture,25,,,,,,Starting Price: ,,
2020-11-04,Assorted Balas Collets,140,465,325,,,,Starting Price: ,,
2020-11-04,(C3),,75,,2021-02-12,7-A-1,,7\,Starting Price: 150,,
2020-11-04,(C4),,25,,2021-04-17,9-A-1,,9\,Starting Price: 75,,
2020-11-04,(C8 Nominal),,255,,2021-03-29,6-A-1,,6\,Starting Price: 500,,
2020-11-04,(C8 Pipe),,110,,2021-07-12,14-A-1,,14\,Starting Price: 170,,
2020-11-04,Cat Retnetion Knobs + Balas Spacers/Collars,,,,,60-A-1,,60\,Starting Price: ,,
2020-11-04,7 in. Dividing Head,120,,,,,,Starting Price: ,,
2020-11-04,Scherr Tumico  Ultra-Flat 18 x 12 x 3 Surface Plate,80,,,,,,Starting Price: ,,
2020-11-04,Starrett 24 in. Vernier Caliper,50,58,8,2021-05-07,16-A-1,,16\, Shipping - 25\,Starting Price: 125,,
2020-11-04,Assorted Micrometers,110,,52.5,,,,Starting Price: ,,
2020-11-04,Mitutoyo Micrometer 1-2\",,15,,,43-A-1,,43\,Starting Price: 30,,
2020-11-04,Mitutoyo Micrometer 2-3\",,18.5,,2022-07-19,44-A-1,,44\,Starting Price: 50\,Priority Small,,
2020-11-04,Brown and Sharpe Micrometer 2-3\",,10,,2021-05-18,45-A-1,,45\,Starting Price: 15,,
2020-11-04,Mitutoyo Micrometer 3-4\",,50,,2021-01-31,46-A-1,,46\,Starting Price: 55,,
2020-11-04,NSK Micrometer 4-5\",,20,,2021-02-26,47-A-1,,47\,Starting Price: 20,,
2020-11-04,Mitutoyo Micrometer 5-6\",,,,,48-A-1,,48\,Starting Price: 60,,
2020-11-04,Brown and Sharpe Micrometer 6-7\",,25,,2021-02-11,49-A-1,,49\,Starting Price: 25,,
2020-11-04,Starrett Micrometer 9-12\",,16,,,50-A-1,,50\,Starting Price: 25,,
2020-11-04,Davis Adjustable Micrometer,,8,,2021-04-18,51-A-1,,51\,Starting Price: 30,,
2020-11-04,Lot: (2) IBM Correcting Selectric 3 Typewriters,30,,27,,,,Starting Price: ,,
2020-11-04,IBM Selectric 3 A,,0,,2021-05-26,65-A-1,,65\,Starting Price: ,,
2020-11-04,IBM Selectric 3 B,,57,,,66-A-1,,66\,Starting Price: ,,
2020-11-04,18% Buyer's Premium,108,,-108,,,,Starting Price: ,,
2020-11-04,Kennedy Tool Chest,30,78,48,2021-03-27,54-A-1,,54\,Starting Price: 100\,From Ron at a later estate sale,,
2021-01-07,Miller CST 280,650,,,,,,Starting Price: \,Bought from Mike in Joliet who works at Imperial Construction,,
2021-01-07,Packing Materials,35,,,,,,Starting Price: ,,
2021-02-04,3 Indicators,80,,-47,,,,Starting Price: ,,
2021-02-04,Hamilton .00005 Test Indicator,,,,,,,Starting Price: ,,
2021-02-04,Starrett 643 Indicator,,33,,2021-08-03,59-A-1,,59\,Starting Price: ,,
2021-02-04,Last Word 711-C,,,,,,,Starting Price: #REF!,,
2021-02-04,Endmill Lot,35,,,,,,Starting Price: ,,
2021-02-04,Auction Buyer's Premium,20,,,,,,Starting Price: ,,
2021-02-06,Mitutoyo Micrometer 0-1\" 103-135 ,24,,,,,,Starting Price: \,Bought to replace 0-1 Mit mic in 0-6\" set (This one is correct color),,
2021-03-02,Adler Electric Typewriter,5,0,-5,,67-A-1,,67\,Starting Price: ,,
2021-03-10,Lot 2 tools,40,,-38.75,,,,Starting Price: \,Contour Band Saw\, from Kurt Plechaty,,
2021-03-10,24\" Scherr Tumico Vernier Calipers,,1.25,,2021-05-26,68-A-1,,68\,Starting Price: ,,
2021-03-10,8\" Dial Calipers,,,,,,,Starting Price: ,,
2021-03-16,B&S BesTest .00005\" Indicator 7033-3,60,,,,,,Starting Price: ,,
2021-03-17,Mitutoyo 40\" Vernier Caliper W/ Case,100,282,182,2022-01-27,104-A-1,,104\,Starting Price: \,From Jerry in Sugar Grove,,
2021-03-17,Mitutoyo 18-24 Mic Complete W/ Case,200,550,350,2021-11-21,89-A-1,,89\,Starting Price: ,,
2021-03-23,Shipping Materials,45,,,,,,Starting Price: ,,
2021-03-23,Mitutoyo Micrometers (6-7\, 8-9\, 9-10\, 10-11\, 11-12),132,172.5,40.5,2023-06-29,293-A-1,17\,\,18\,14\,11,293\,Starting Price: ,,
2021-04-15,Clausing 15\" Drill Press,125,900,775,2021-08-21,,,Starting Price: ,,
2021-04-21,Starrett Inside Micrometer 824 D,35,162,127,2021-05-26,63-A-1,,63\,Starting Price: ,,
2021-04-21,Co-axial Indicator,50,,,,,,Starting Price: ,,
2021-04-21,Auction Buyer's Premium,15,,-15,,,,Starting Price: ,,
2021-05-17,Misc Tools,0.99,0.99,0,2021-05-26,64-A-1,,64\,Starting Price: \,Brake Even\, no idea cost,,
2021-05-17,Unmarked Wrench,,,,,,,Starting Price: ,,
2021-05-17,Stanley 12\" Square,,,,,,,Starting Price: ,,
2021-05-17,Milwaukee 2 3/4 Hole Saw + Arbor,,,,,,,Starting Price: ,,
2021-05-17,General Protractor,,,,,,,Starting Price: ,,
2021-05-17,Letter 'I' drill bit unopened,,,,,,,Starting Price: ,,
2021-05-29,Taft Peirce No 192(G) Right Angle Plate,20,,,,,,Starting Price: ,,
2021-05-29,Disston Saw,5,,,,,,Starting Price: ,,
2021-05-29,4 Way Toolpost AXA,20,,,,,,Starting Price: ,,
2021-05-29,Lot 2,,,,,,,Starting Price: ,,
2021-05-29,MT Drill Bits (~25),75,,,,,,Starting Price: ,,
2021-05-29,Counter Bores,75,,,,,,Starting Price: ,,
2021-05-29,Router Bit Set,25,,,,,,Starting Price: ,,
2021-05-29,3 books,10,,,,,,Starting Price: ,,
2021-05-29,7th Ed. American Machinists Handbook,20,,,,,,Starting Price: ,,
2021-05-29,Lot 3,25,,,,,,Starting Price: ,,
2021-05-29,MT2 male to MT3 female,,,,,,,Starting Price: ,,
2021-05-29,Morse Taper Wedges,,,,,,,Starting Price: ,,
2021-05-29,Lot 4,10,,,,,,Starting Price: ,,
2021-05-29,2 Diamond,,,,,,,Starting Price: ,,
2021-05-29,Roughing Shell endmill,,,,,,,Starting Price: ,,
2021-05-29,Tap Magic,,,,,,,Starting Price: ,,
2021-05-29,DoAll Bluing Liquid,,,,,,,Starting Price: ,,
2021-06-03,Metro tech Model 810 A,125,400,275,,82-A-1,,82\,Starting Price: 400\,Heath Industrial: Machinery Exchange 8,,
2021-06-03,Metro tech Model 810 B,125,350,225,,83-A-1,,83\,Starting Price: 400,,
2021-06-03,Metro tech Model 810 C,125,350,225,,84-A-1,,84\,Starting Price: 400,,
2021-06-03,2 Cutting Torch Head,5,,,,,,Starting Price: ,,
2021-06-03,Reliance Electric Maxpak Plus A,15,,,,85-A-1,,85\,Starting Price: \,In Storage,,
2021-06-03,Reliance Electric Maxpak Plus B,15,,,,86-A-1,,86\,Starting Price: \,In Storage,,
2021-06-03,Danfoss Type 3002 Variable Speed Drive A,25,0.01,-24.99,2023-02-10,80-A-1,,80\,Starting Price: ,,
2021-06-03,Danfoss Type 3002 Variable Speed Drive B,35,1,-34,2023-02-10,81-A-1,,81\,Starting Price: ,,
2021-06-03,B&S No. 2 Dividing Head W/ Tailstock,175,,,,,,Starting Price: ,,
2021-06-03,19 Gas Valves,15,15,0,,,,Starting Price: ,,
2021-06-03,A,,,,,,,Starting Price: ,,
2021-06-03,B,,,,,72-A-1,,72\,Starting Price: ,,
2021-06-03,C White Rodgers 36E93 301,,15,,2021-08-10,73-A-1,,73\,Starting Price: ,,
2021-06-03,D,,,,,74-A-1,,74\,Starting Price: ,,
2021-06-03,E W/R 36E94 301,,,,,69-A-1,,69\,Starting Price: ,,
2021-06-03,F W/R 36E94 301,,,,,70-A-1,,70\,Starting Price: ,,
2021-06-03,G W/R 36E94 301,,,,,71-A-1,,71\,Starting Price: ,,
2021-06-03,H W/R 36E98 203,,,,,75-A-1,,75\,Starting Price: ,,
2021-06-03,I W/R 36E98 201,,,,,76-A-1,,76\,Starting Price: ,,
2021-06-03,J W/R 36E98 203,,,,,77-A-1,,77\,Starting Price: ,,
2021-06-03,K,,,,,,,Starting Price: ,,
2021-06-03,L,,,,,,,Starting Price: ,,
2021-06-03,M,,,,,,,Starting Price: ,,
2021-06-03,N Honeywell VR800A 1608,,,,,78-A-1,,78\,Starting Price: ,,
2021-06-03,O,,,,,,,Starting Price: ,,
2021-06-03,P,,,,,,,Starting Price: ,,
2021-06-03,Q,,,,,,,Starting Price: ,,
2021-06-03,R,,,,,,,Starting Price: ,,
2021-06-03,S,,,,,,,Starting Price: ,,
2021-06-03,Auct Premium,118.8,,,,,,Starting Price: ,,
2021-06-03,Tax,77.88,,,,,,Starting Price: ,,
2021-06-10,Batteries for MeteroTech 810's,60,0,-60,,,,Starting Price: ,,
2021-06-11,Lot Astd U-Joints Wheel Bearings and Seals,150,,,,,,Starting Price: ,,
2021-06-11,Box Astd Pulleys,,0,,2022-09-30,148-A-1,34\,\,17\,11\,10,148\,Starting Price: Did not sell thrown out,,
2021-06-11,Box Springs,,,,,,,Starting Price: ,,
2021-06-11,Starrett 196A1Z In Case and Box,30,90,60,2021-08-09,79-A-1,,79\,Starting Price: 100,,
2021-06-11,18% Buyer's Premium,32.4,,,,,,Starting Price: ,,
2021-06-11,Tax,16.99,,,,,,Starting Price: ,,
2021-06-16,Bearing lot,60,1658.061,1598.061,,,,Starting Price: \,Heath\, Chicago Heights Sure Industrial Truck Side Mirror Manufacturer,,
2021-06-16,MRC 5200 SBKFF H503,,38.76,,,236-A,\,5\,6\,4\,2,236-A\,Init Quantity: 5,,5
2021-06-16,MRC 5201 SBKFF H301 ,,15.81,,,236-B,\,5\,6\,4\,2,236-B\,Init Quantity: 2,,2
2021-06-16,MRC 5202 SBKFF H502,,20.81,,,236-C,\,6\,6\,4\,2,236-C\,Init Quantity: 3,,3
2021-06-16,MRC 5203 SBKFF H502,,87.16,,,236-D,\,7\,6\,4\,2,236-D\,Init Quantity: 8,,8
2021-06-16,MRC 5203 SBKFF H301,,28.03,,,236-E,\,7\,6\,4\,2,236-E\,Init Quantity: 3,,3
2021-06-16,MRC 305MFF-0022,,0,,,236-F,\,13\,6\,8\,3,236-F\,Init Quantity: 1,,1
2021-06-16,MRC 207 SFFC 0131,,0,,,236-G,2\,\,6\,8\,3,236-G\,Init Quantity: 1\, Actual Weight: (1lb 5oz),,1
2021-06-16,MRC 5209M H501,,29.59,,,236-H,3\,\,6\,7\,8,236-H\,Init Quantity: 2\, Actual Weight: (2lb\, 5oz),,2
2021-06-16,McGill CFH 1/2 (NO PLUG),,0,,,237-A,\,4\,6\,4\,3,237-A\,Init Quantity: 1,,1
2021-06-16,McGill CFH 1/2 (1 PLUG),,0,,,237-B,\,4\,6\,4\,3,237-B\,Init Quantity: 1,,1
2021-06-16,McGill CFH 11/16 S,,0,,,237-C,\,4\,6\,4\,2,237-C\,Init Quantity: 3,,3
2021-06-16,McGill CYR 3/4,,15.41,,,237-D,\,4\,6\,4\,2,237-D\,Init Quantity: 3,,3
2021-06-16,McGill CYR 1,,0,,,237-E,\,6\,6\,4\,2,237-E\, (Middle one of 3 thrown out)\, E-1 thrown out?\,Init Quantity: 2,,2
2021-06-16,McGill CF 1 1/8,,28.25,,,237-F,\,8\,6\,8\,3,237-F\, 2 Packing Pics\,Init Quantity: 4,,4
2021-06-16,McGill CF 1 1/4 B,,8.36,,,237-G,\,10\,6\,8\,4,237-G\,Init Quantity: 1,,1
2021-06-16,McGill CYR 1 1/4,,29.39,,,237-H,\,8\,6\,8\,4,237-H\,Init Quantity: 4,,4
2021-06-16,McGill CCFH 1 3/8 SB (1 PLUG),,13.52,,,237-I,\,11\,6\,8\,3,237-I\,Init Quantity: 1,,1
2021-06-16,McGill CCFH 1 3/8 SB (NO PLUG),,0,,,237-J,\,12\,6\,8\,3,237-J\,Init Quantity: 1,,1
2021-06-16,McGill CF 1 1/2,,14.15,,,237-K,\,14\,6\,8\,4,237-K\,Init Quantity: 1,,1
2021-06-16,McGill CYR 1 3/4 S,,74.61,,,237-L,\,15\,6\,8\,4,237-L\,Init Quantity: 7,,7
2021-06-16,McGill CF 1 7/8,,0,,,237-M,2\,\,6\,8\,4,237-M\,Init Quantity: 2\, Actual Weight: (1lb\, 3oz),,2
2021-06-16,McGill CF 2,,30.41,,,237-N,2\,\,10\,13\,5,237-N\,Init Quantity: 2\, Actual Weight: (1lb\, 12oz),,2
2021-06-16,McGill MI 8 N,,0,,,237-O,\,4\,6\,4\,3,237-O\,Init Quantity: 4,,4
2021-06-16,McGill MB 25 3/4 * (NO  OD Nib),,0,,,237-P,\,10\,6\,8\,4,237-P\,Init Quantity: 1,,1
2021-06-16,McGill MB 25 3/4 * (OD Nib),,0,,,237-Q,\,11\,6\,8\,4,237-Q\,Init Quantity: 1,,1
2021-06-16,McGill MR 24,,4.24,,,237-R,\,12\,6\,8\,4,237-R\,Init Quantity: 1,,1
2021-06-16,McGill CF 3/4 10 Pieces,,0,,,237-S,\,1\,15\,9\,7\,6,237-S\,Init Quantity: 1,,1
2021-06-16,McGill CF 3/4 4 Pieces,,0,,,237-T,\,1\,3\,9\,7\,6,237-T\,Init Quantity: 1,,1
2021-06-16,McGill CF 7/8 6 Pieces,,0,,,237-U,\,1\,11\,9\,7\,6,237-U\,Init Quantity: 1,,1
2021-06-16,Timken 1985,,21.05,,,248-A,\,11\,6\,8\,3,248-A\,Init Quantity: 1,,1
2021-06-16,Timken 05185 CUP,,0,,,248-B,\,8\,6\,8\,3,248-B\,Init Quantity: 1,,1
2021-06-16,Timken 07000LA 902A1,,12.39,,,248-C,\,9\,6\,8\,3,248-C\,Init Quantity: 1,,1
2021-06-16,Timken 07100,,25.965,,,248-D,\,8\,6\,8\,3,248-D\,Init Quantity: 7,,7
2021-06-16,Timken 07196,,13.41,,,248-E,\,11\,6\,8\,3,248-E\,Init Quantity: 2,,2
2021-06-16,Timken LM12710,,0,,,248-F,\,7\,6\,8\,3,248-F\,Init Quantity: 2,,2
2021-06-16,Timken LM12749,,9.7,,,248-G,\,8\,6\,8\,3,248-G\,Init Quantity: 2,,2
2021-06-16,Timken 17520,,8.25,,,248-H,\,7\,6\,8\,3,248-H\,Init Quantity: 4,,4
2021-06-16,Timken 17580,,53.66,,,248-I,\,8\,6\,8\,3,248-I\,Init Quantity: 3,,3
2021-06-16,Timken Torrington IR-182220,,8.48,,,248-J,\,8\,6\,8\,3,248-J\,Init Quantity: 2,,2
2021-06-16,Timken 332A,,33.4,,,248-K,\,13\,10\,13\,3,248-K\,Init Quantity: 2,,2
2021-06-16,Timken 344,,0,,,248-L,2\,\,10\,13\,3,248-L\,Init Quantity: 2\, Actual Weight: (1lb\, 1oz),,2
2021-06-16,Timken 363,,36.8,,,248-M,\,14\,10\,13\,3,248-M\,Init Quantity: 2,,2
2021-06-16,Timken 365,,34.18,,,248-N,2\,\,10\,13\,3,248-N\,Init Quantity: 2\, Actual Weight: (1lb\, 2oz),,2
2021-06-16,Timken 23256 CUP,,0,,,248-O,,248-O\,Init Quantity: 1,,1
2021-06-16,Timken 52400 52618 CUP and CONE,,36.61,,,248-P,7\,\,9\,9\,5,248-P\,Init Quantity: 1,,1
2021-06-16,Timken 34300 CONE 34478 CUP 69845 ITEM 1\, Grade 3,,24.78,,,248-Q,4\,\,12\,8\,4,248-Q\,Init Quantity: 1,,1
2021-06-16,Timken 52618 52400,,-26.08,,,248-R,7\,\,10\,10\,5,248-R\,Init Quantity: 1,,1
2021-06-16,Timken HM212049,,-4.025,,,248-S,4\,\,11\,9\,4,248-S\,Init Quantity: 1,,1
2021-06-16,Timken HM212011,,21.5,,,248-T,3\,\,11\,9\,4,248-T\,Init Quantity: 2,,2
2021-06-16,Timken HM218210,,9.23,,,248-U,3\,\,11\,9\,4,248-U\,Init Quantity: 2,,2
2021-06-16,SKF 39520,,2.97,,,251-A,2\,\,11\,9\,4,251-A\,Init Quantity: 1,,1
2021-06-16,SKF 756A BF-25,,0,,,251-B,9\,\,16\,12\,7,251-B\,Init Quantity: 2,,2
2021-06-16,SKF N4078,,0,,,251-C,2\,\,10\,13\,4,251-C\,Init Quantity: 1\, Actual Weight: (1lb 8oz),,1
2021-06-16,SKF 39590,,1.67,,,251-D,3\,\,10\,13\,5,251-D\,Init Quantity: 1\, Actual Weight: (2lb 5oz),,1
2021-06-16,SKF HM212047 BF-25,,0,,,251-E,5\,\,12\,8\,4,251-E\,Init Quantity: 2\, Actual Weight: (4lb\, 2oz),,2
2021-06-16,SKF 47620 BF-25,,3.82,,,251-F,3\,\,12\,8\,4,251-F\,Init Quantity: 1\, Actual Weight: (2lbs\, 7oz),,1
2021-06-16,SKF 752 BF-25 *** NO PICS,,0,,,251-G,6\,\,16\,12\,7,251-G\,Init Quantity: 1,,1
2021-06-16,SKF 6200 2ZJEM,,-8.4,,,251-H,\,4\,5\,8\,2,251-H\,Init Quantity: 2,,2
2021-06-16,SKF 6005 2ZJEM,,21.77,,,251-I,\,7\,6\,10\,3,251-I\,Init Quantity: 6,,6
2021-06-16,SKF 6203 2ZJEM (older RED packaging),,0.65,,,251-J,\,6\,5\,8\,2,251-J\,Init Quantity: 1,,1
2021-06-16,SKF 6203 2ZJEM (newer BLUE packaging),,1.475,,,251-K,\,6\,5\,8\,2,251-K\,Init Quantity: 1,,1
2021-06-16,SKF 6205 2RSJEM,,6.43,,,251-L,\,9\,6\,10\,2,251-L\,Init Quantity: 1,,1
2021-06-16,SKF 6205 2RS1 C3 0E6,,5.71,,,251-M,\,10\,6\,10\,3,251-M\,Init Quantity: 1,,1
2021-06-16,SKF 6205 2ZJEM,,3.085,,,251-N,\,9\,6\,10\,3,251-N\,Init Quantity: 1,,1
2021-06-16,SKF 6206 2ZJEM,,59.4,,,251-O,\,12\,6\,10\,3,251-O\,Init Quantity: 7,,7
2021-06-16,SKF 6207 2RSJEM (older RED packaging),,4.11,,,251-P,1\,\,6\,10\,3,251-P\,Init Quantity: 2\, Actual Weight: (15oz),,2
2021-06-16,SKF 6207 2ZJEM,,21.5,,,251-Q,\,1\,2\,6\,10\,4,251-Q\,Init Quantity: 2,,2
2021-06-16,****SKF 6207 RSJEM REVISIT!!!!***** (multiple different ones),,0,,,251-R,,251-R\,Init Quantity: 4,,4
2021-06-16,SKF 6304 JEM,,1.62,,,251-S,\,10\,6\,10\,3,251-S\,Init Quantity: 1,,1
2021-06-16,SKF 6305 2ZJEM,,1.28,,,251-T,\,13\,6\,10\,3,251-T\,Init Quantity: 1,,1
2021-06-16,SKF 6306 2ZJEM,,2.8,,,251-U,\,1\,3\,6\,10\,3,251-U\,Init Quantity: 1,,1
2021-06-16,SKF 6308 JEM,,3.01,,,251-V,2\,12\,12\,8\,4,251-V\,Init Quantity: 1,,1
2021-06-16,SKF 6308 2ZJEM,,3.6,,,251-W,\,2\,10\,12\,8\,4,251-W\,Init Quantity: 1,,1
2021-06-16,SKF 6210 JEM,,14.1,,,251-X,2\,7\,12\,8\,4,251-X\,Init Quantity: 2,,2
2021-06-16,SKF 6012 2Z C3 HT51,,0,,,251-Y,\,2\,4\,12\,8\,4,251-Y\,Init Quantity: 2,,2
2021-06-16,NSK 5202 JZZ,,0,,,252-A,\,6\,6\,10\,3,252-A\,Init Quantity: 4,,4
2021-06-16,NSK 6201 ZZ C3,,0.65,,,252-B,\,6\,6\,10\,3,252-B\,Init Quantity: 1,,1
2021-06-16,NSK 6202 VV C3,,5.7,,,252-C,\,6\,6\,10\,3,252-C\,Init Quantity: 1,,1
2021-06-16,NSK 6202 ZZ C3,,10.67,,,252-D,\,6\,6\,10\,3,252-D\,Init Quantity: 3,,3
2021-06-16,NSK 6203 625 VV C3,,16.68,,,252-E,\,7\,6\,10\,3,252-E\,Init Quantity: 4,,4
2021-06-16,NSK 6908 DDU PA3AKCX,,7.73,,,252-F,\,1\,3\,10\,13\,5,252-F\,Init Quantity: 2,,2
2021-06-16,NSK 6305 ZZ C3,,10.36,,,252-G,\,1\,7\,8\,8\,6,252-G\,Init Quantity: 2,,2
2021-06-16,NSK 6306 ZZ C3,,5.35,,,252-H,\,1\,9\,8\,8\,6,252-H\,Init Quantity: 1,,1
2021-06-16,NSK 6207 VV C3,,0,,,252-I,\,1\,8\,8\,8\,6,252-I\,Init Quantity: 1,,1
2021-06-16,NSK 6208 VV C3,,3.65,,,252-J,\,1\,11\,8\,8\,6,252-J\,Init Quantity: 1,,1
2021-06-16,NSK 6009 ZZ CE,,3.28,,,252-K,\,1\,6\,8\,8\,5,252-K\,Init Quantity: 1,,1
2021-06-16,NSK 6211 VV C3,,4.5,,,252-L,\,1\,9\,10\,8\,7,252-L\,Init Quantity: 1,,1
2021-06-16,RBC HEIM RF102214PP,,80.96,,,253-A,\,6\,6\,10\,3,253-A\,Init Quantity: 9,,9
2021-06-16,RBC IR7275,,0,,,253-B,\,8\,6\,10\,3,253-B\,Init Quantity: 1,,1
2021-06-16,Consolidated CJ R-4-ZZ,,0,,,254-A,\,3\,5\,8\,2,254-A\,Init Quantity: 11,,11
2021-06-16,Consolidated 61907-2RS,,14.41,,,254-B,\,8\,6\,10\,3,254-B\,Init Quantity: 3,,3
2021-06-16,Torrington IR-182220,,0,,,255-A,\,7\,6\,10\,3,255-A\,Init Quantity: 1,,1
2021-06-16,Torrington B-2220,,13.58,,,255-B,\,8\,6\,10\,4,255-B\,Init Quantity: 2,,2
2021-06-16,General 77 R 8,,0.421,,,256-A,\,4\,5\,8\,2,256-A\,Init Quantity: 1,,1
2021-06-16,****GET CONF PICS,,0,,,256-B,\,2\,4\,8\,8\,6,256-B\,Init Quantity: 1,,1
2021-06-16,FAG 6205 2ZR C3,,3.32,,,257-A,\,10\,6\,10\,3,257-A\,Init Quantity: 1,,1
2021-06-16,FAG 6206 2ZR C3,,20.6,,,257-B,\,13\,6\,10\,3,257-B\,Init Quantity: 4,,4
2021-06-16,Bower BCA A8 A-18,,0,,,258-A,\,1\,5\,8\,8\,6,258-A\,Init Quantity: 2,,2
2021-06-16,Aetna E 25,,7.15,,,259-A,\,1\,12\,8\,8\,6,259-A\,Init Quantity: 1,,1
2021-06-16,NDH Delco 5502,,4.85,,,260-A,\,8\,6\,10\,3,260-A\,Init Quantity: 1,,1
2021-06-16,NDH Delco Z9507,,3.65,,,260-B,\,1\,6\,10\,13\,4,260-B\,Init Quantity: 1,,1
2021-06-16,NTN 6009 LLB C3 5C,,3.11,,,261-A,\,1\,4\,7\,8\,5,261-A\,Init Quantity: 1,,1
2021-06-16,NTN 6009 LLB 2AUI,,3.25,,,261-B,\,1\,3\,8\,7\,5,261-B\,Init Quantity: 1,,1
2021-06-16,NTN 6209 ZZ C3,,2.185,,,261-C,\,2\,1\,10\,7\,6,261-C\,Init Quantity: 1,,1
2021-06-16,Seal Master Gold Line 2-24  2-1/4\" Bore,,84.4,,,262-A,5\,2\,8\,8\,6,262-A\,Init Quantity: 2,,2
2021-06-16,Seal Master Gold Line ER-32,,132.79,,,262-B,\,4\,4\,8\,8\,6,262-B\,Init Quantity: 4,,4
2021-06-16,Seal Master Gold Line NP-12 3/4,,14.59,,,262-C,\,2\,10\,9\,7\,4,262-C\,Init Quantity: 2,,2
2021-06-16,Fafnir 1108KRR + Col Collar,,241.77,,,263-A,\,2\,8\,9\,6\,4,263-A\,Init Quantity: 6,,6
2021-06-16,Fafnir 205KDD,,27.09,,,263-B,\,11\,6\,10\,3,263-B\,Init Quantity: 6,,6
2021-06-16,Fafnir 206P,,6.49,,,263-C,\,1\,3\,9\,7\,4,263-C\,Init Quantity: 1,,1
2021-06-16,****GET CONF PICS,,0,,,263-D,\,2\,5\,9\,7\,4,263-D\,Init Quantity: 2,,2
2021-06-16,Hyatt HM212011 CUP ***Get Pics,,0,,,,,,,
2021-06-16,Federal Mogul HM518410,,3.05,,,264-A,\,2\,8\,10\,13\,5,264-A\,Starting Price: 2,,
2021-06-16,Bower BCA 47620,,10.325,,,265-A,\,2\,4\,12\,9\,4,265-A\,Starting Price: 1,,
2021-06-16,Bower BCA HM516410,,3.1,,,265-B,\,3\,6\,14\,11\,6,265-B\,Starting Price: 1,,
2021-06-16,Bower BCA G5 213,,0,,,265-C,\,3\,8\,12\,8\,6,265-C\,Starting Price: 1,,
2021-06-16,Lot,20,,,,,,Starting Price: ,,
2021-06-16,Armstrong Knurling Tool,,,,,,,Starting Price: ,,
2021-06-16,2 Lathe Insert Holders,,,,,,,Starting Price: ,,
2021-06-16,Precision Bevel Protractor + Case Made In Japan,35,,,,,,Starting Price: ,,
2021-06-16,18% Buyer's Premium,20.7,,-20.7,,,,Starting Price: ,,
2021-06-16,Tax,13.57,,-13.5,,,,Starting Price: ,,
2021-07-17,Clausing 15\" DP Head Plate Replacement,61,,-61,,,,Starting Price: ,,
2021-07-30,3 - 15-Drawer  Parts Cabinets W/ Contents,10,,,,,,Starting Price: \,Came with small carbide endmills!,,
2021-07-30,High Voltage Probe,10,,,,,,Starting Price: ,,
2021-07-30,Helios 42\" Vernier Caliper W/ Case,50,,,,,,Starting Price: ,,
2021-08-01,1 1/2 Ton Napa Jack,45,,,,,,Starting Price: ,,
2021-08-01,Misc Oxy-Acet Tools,140,,,,,,Starting Price: ,,
2021-08-04,Lot Astd Taps and Dies,10,,,,,,Starting Price: ,,
2021-08-04,Lot Astd Tooling (4 live centers) lot 84A Maynards,37.5,25,-12.5,,,,Starting Price: ,,
2021-08-04,Knee Handle\, 15/16\" Square Drive,,25,,2022-07-26,162-A-1,5\,\,15\,8\,6,162\,Starting Price: ,,
2021-08-04,10\" 3-Jaw Hydraulic Chuck - MMK,25,,,,234-A-1,96\,\,15\,14\,9,234\,Starting Price: \, Actual Weight: (94lbs),,
2021-08-04,10\" 3-Jaw Hydraulic Chuck - Strong,25,,,,233-A-1,80\,\,15\,14\,9,233\,Starting Price: RELABELED FROM 232\, Actual Weight: (77lbs),,
2021-08-04,Lot Astd Lathe Tool Holders (10 insert holders) lot 392 Maynards\,,45,,,,,,Starting Price: ,,
2021-08-04,Lot Astd Carbide Endmills,80,,,,,,Starting Price: ,,
2021-08-04,Lot Astd Carbide Endmills,80,,,,,,Starting Price: ,,
2021-08-04,Lot Astd Taps,40,,,,,,Starting Price: ,,
2021-08-04,Lot,60,0,-60,,,,Starting Price: ,,
2021-08-04,3 Large Starrett Squares,,,,,,,Starting Price: ,,
2021-08-04,Tap Die Set,,,,,152-A-1,5\,\,13\,10\,6,152\,Starting Price: ,,
2021-08-04,18%,72.45,,-72.45,,,,Starting Price: ,,
2021-08-04,Tax,47.5,,-47.5,,,,Starting Price: ,,
2021-08-15,Stanley Rule and Level Plow Plane\, Millers Patent,55,76,21,2022-03-04,108-A-1,6\,\,16\,12\,7,108\,Starting Price: ,,
2021-08-26,Victor Oxy-Acetylene Kit,60,200,140,2023-04-01,,,Starting Price: ,,
2021-08-29,Makita Angle Grinder XAG06,80,,,,,,Starting Price: \,Present for Bini,,
2021-08-29,Battery for Angle Grinder (18V 5ah),50,,,,,,Starting Price: ,,
2021-09-12,81 Pc. Gage Block Set\, Grade 0\, Complete,100,56,-44,2022-09-21,87-A-1,,87\,Starting Price: 0.99A,,
2021-09-15,Shipping Boxes,77,,-77,,,,Starting Price: ,,
2021-09-24,Anvil,20,,,,,,Starting Price: ,,
2021-09-24,Lot,10,,,,,,Starting Price: ,,
2021-09-24,Thor right angle drill,,,,,,,Starting Price: ,,
2021-09-24,Soldering Wire,,,,,,,Starting Price: ,,
2021-09-24,Starrett 2\" micrometer,,,,,,,Starting Price: ,,
2021-09-24,Variac,,,,,,,Starting Price: ,,
2021-09-24,Lot,5,,,,,,Starting Price: ,,
2021-09-24,Screwdriver,,,,,,,Starting Price: ,,
2021-09-24,Weiss shears,,,,,,,Starting Price: ,,
2021-09-24,Headphones,5,,,,,,Starting Price: ,,
2021-09-24,Lot,5,,,,,,Starting Price: ,,
2021-09-24,Strap wrench,,,,,,,Starting Price: ,,
2021-09-24,Another Weiss shear,,,,,,,Starting Price: ,,
2021-09-24,Brush,0.5,,,,,,Starting Price: ,,
2021-09-24,Snap On Torque Wrench,40,,,,,,Starting Price: \,From Chris Offer Up,,
2021-09-25,Canon Rebel 6T + chargers\, tripod\, lens\, macro HD lens\, case\, orig. box,90,,,,,,Starting Price: ,,
2021-10-17,Starrett Protractor,5,,,,,,Starting Price: ,,
2021-10-30,6 Planes,25,4,-21,,,,Starting Price: ,,
2021-10-30,Sandusky Wooden Plane,,4,,2022-04-14,131-A-1,9\,\,25\,9\,6,131\,Starting Price: ,,
2021-10-31,Craftsman-USA 5/16-1\" Combination Wrench Set,25,,,,,,Starting Price: ,,
2021-10-31,Craftsman-USA 5-17mm Combination Wrench Set,35,,,,,,Starting Price: ,,
2021-10-31,Dunlap Vise #5244 W/ Swivel Base,30,,,,,,Starting Price: ,,
2021-10-31,Wen 930 Wood Planer,5,,,,,,Starting Price: ,,
2021-11-08,Gear Wrench Set (10\,12\,13\,14\,15\,17\,  5/16\, 3/8\, 7/16\, 1/2\,  9/16\, 5/8\, 11/16\, 3/4),30,,,,88-A-1,,88\,Starting Price: ,,
2021-12-07,Bosch 1198 VSR Hammer Drill,15,,,,90-A-1,,90\,Starting Price: ,,
2021-12-07,Lot,45,160.99,115.99,,,,Starting Price: ,,
2021-12-07,3 Large Williams Super Wrenches,,150,,2022-01-14,99-A-1,,99\,Starting Price: \,Added 1 superwrench and 1 Blackhawk Wrench from 12/16/21 Lot as well,,
2021-12-07,2 - 12\" Bar clamps Pittsburgh and Bessy,,10,,2022-01-28,91-A-1,3\,8\,0\,0\,0,91\,Starting Price: ,,
2021-12-07,Coes Wrench 15\",,0.99,,2022-01-26,92-A-1,,92\,Starting Price: ,,
2021-12-07,Snap On Timing Light,20,,,,,,Starting Price: ,,
2021-12-07,Astd HSS & Brazed Carbide Lathe Bits,20,,,,,,Starting Price: ,,
2021-12-07,Dumore Tool Post Grinder,100,,,,,,Starting Price: ,,
2021-12-07,Lot 20 Adj Reamers,30,12.49,-17.51,,,,Starting Price: ,,
2021-12-07,(19) 1Big 10Med 8Sm Astd Adj Reamers,,0.99,,,98-A-1,22\,\,22\,6\,8,98\,Starting Price: ,,
2021-12-07,6 Morse Brass expansion Reamers (13/16. 7/8\, 15/16\, 1\, 1 3/8\, 1 1/2 (Cleveland)),,11.5,,2022-03-04,105-A-1,15\,\,16\,7\,5,105\,Starting Price: ,,
2021-12-07,More Adj. Reamers,5,,,,,,Starting Price: ,,
2021-12-07,Set Evans Adj Reamers,,,,,101-A-1,16\,\,22\,5\,4,101\,Starting Price: ,,
2021-12-07,11 Misc Reamers (W/ Green tip waxed one),,,,,109-A-1,12\,\,16\,8\,7,109\,Starting Price: ,,
2021-12-07,Lot Dial Indicators,50,,,,,,Starting Price: ,,
2021-12-07,Central Dial Indicator W/ interchangable tips W/ Box,,19,,,111-A-1,2\,\,9\,5\,4,111\,Starting Price: ,,
2021-12-07,18%,,,,,,,Starting Price: ,,
2021-12-07,Tax,0,,,,,,Starting Price: ,,
2021-12-08,Lot Astd Carbide Endmills (30.5 lbs),90,,,,,,Starting Price: ,,
2021-12-08,18% Buyers Pemium,16.2,,,,,,Starting Price: ,,
2021-12-08,Tax,0,,,,,,Starting Price: ,,
2021-12-16,18\" Crescent Wrench China and BlkHawk 1 1/2\" Wrench,25,5,-20,2022-01-15,95-A-1,6\,\,20\,6\,3,95\,Starting Price: ,,
2021-12-16,2 Tool Boxes (2-drawer Kennedy and Test Rite),45,,,,,,Starting Price: ,,
2021-12-16,40 Drawer Small Parts Cabinet,5,,,,,,Starting Price: ,,
2021-12-16,Lot Astd Wrenches,15,36.98,21.98,,,,Starting Price: ,,
2021-12-16,KMart Socket Set,,0.99,,2022-03-03,93-A-1,6\,\,16\,2\,5,93\,Starting Price: ,,
2021-12-16,Armstrong Wrenches,,35,,2022-01-12,100-A-1,5\,\,20\,5\,3,100\,Starting Price: ,,
2021-12-16,Astd Tiwan Wrenches - Kmart,,0.99,,2022-03-03,102-A-1,6\,\,14\,4\,2,102\,Starting Price: ,,
2021-12-16,Lot Astd Universal Wrenches,,0,,,103-A-1,3\,\,12\,6\,2,103\,Starting Price: Thrown Out,,
2021-12-16,Lot Sockets and Rachets/Breakers,15,,,,,,Starting Price: ,,
2021-12-16,Armstrong Armaloy 1/2\" Socket Set,,,,,,,Starting Price: ,,
2021-12-16,12 Pc. Misc Sockets,,,,,123-A-1,8\,\,16\,7\,5,123\,Starting Price: ,,
2021-12-16,7 Large Astd Hex Wrenches,5,,,,,,Starting Price: ,,
2021-12-16,Lot,350,530,180,,,,Starting Price: ,,
2021-12-16,Harig Grind All No. 1,,480,,2022-01-18,94-A-1,18\,\,11\,11\,9,94\,Starting Price: ,,
2021-12-16,Starrett 568 V-Block + clamp,,50,,2022-02-07,97-A-1,5\,\,7\,6\,9,97\,Starting Price: ,,
2021-12-16,Bridgeport No. 2 R8 Boring Head,80,130,50,2022-01-11,96-A-1,7\,\,9\,5\,5,96\,Starting Price: ,,
2021-12-16,4 Drill Indexes,15,,,,,,Starting Price: ,,
2021-12-16,18%,99.9,,,,,,Starting Price: ,,
2021-12-16,Tax,52.39,,,,,,Starting Price: ,,
2021-12-17,Shop-Vac 5 Gal\, 5.5 Peak HP,20,,,,,,Starting Price: ,,
2021-12-17,18%,3.6,,,,,,Starting Price: ,,
2021-12-17,Tax,0,,,,,,Starting Price: ,,
2022-01-06,16 Rolls Packing Tape,23.02,,-23.02,,,,Starting Price: ,,
2022-01-13,Mitutoyo 0-6 Micrometer Set,150,,,,,,Starting Price: ,,
2022-01-13,Mitutoyo 6-12 Micrometer Set,200,,,,,,Starting Price: ,,
2022-01-13,Buyer's Premium,63,,,,,,Starting Price: ,,
2022-01-13,Lot,54.7,20,-34.7,,,,Starting Price: ,,
2022-01-13,Mitutoyo 3-4,,,,,,,Starting Price: ,,
2022-01-13,Brown and Sharpe 5-6,,,,,,,Starting Price: ,,
2022-01-13,Starrett 2-3 No\, 436\, 0.001\, no rachet\, no carbide tips,,20,,2022-03-02,110-A-1,2\,\,9\,6\,3,110\,Starting Price: ,,
2022-01-18,Mitutoyo 1-2 Micrometer w/ Standard w/ Case,48.4,,,,,,Starting Price: ,,
2022-02-01,3.091 + 3.905 + 4.4 Ft 4/4 Soft Maple Wormy\, 2.85/ft,35.73,,,,,,Starting Price: ,,
2022-02-10,Mitutoyo Gauge Block Set A Grade - Incomplete,70,31.06,38.94,2022-04-01,106-A-1,9\,\,16\,12\,7,106\,Starting Price: ,,
2022-02-10,Gage block Set - Unbranded\, Incomplete,10,,,,,,Starting Price: ,,
2022-02-10,Lot 4 Astd Live Centers,150,,,,,,Starting Price: \,Includes Skoda live center for set,,
2022-02-10,Skoda Live Center Set,130,,,,,,Starting Price: ,,
2022-02-10,Lot 6 Taft Pierce No. 192 (Ground) Angle Plates,220,450,230,,,,Starting Price: ,,
2022-02-10,A,,130,,2022-03-07,112-A-1,16\,\,12\,8\,8,112\,Starting Price: 112A,,
2022-02-10,B,,,,,113-A-1,18\,\,12\,8\,8,113\,Starting Price: 113B,,
2022-02-10,C,,100,,2022-05-29,114-A-1,18\,\,12\,8\,8,114\,Starting Price: 114C,,
2022-02-10,D,,100,,2022-05-29,115-A-1,18\,\,12\,8\,8,115\, 1\,Starting Price: 115D,,
2022-02-10,E,,,,,116-A-1,18\,\,16\,8\,7,116\,Starting Price: 116E,,
2022-02-10,F,,120,,2022-03-02,117-A-1,19\,\,16\,8\,7,117\,Starting Price: 117F,,
2022-02-10,Royal Oak D-S Grinder,110,,,,,,Starting Price: ,,
2022-02-10,Deltronic Pin Gauge Set,140,,,,,,Starting Price: ,,
2022-02-10,Tax,73.48,,-73.48,,,,Starting Price: ,,
2022-02-10,Premium,149.4,,-149.4,,,,Starting Price: ,,
2022-02-15,Lot,225,1033,808,,,,Starting Price: ,,
2022-02-15,Royal Live Center Set MT4,,585,,2022-04-19,118-A-1,24\,\,23\,13\,11,118\,Starting Price: ,,
2022-02-15,3 Extra Live Centers for Royal Set MT4,,20,,,121-A-1,3\,\,7\,6\,3,121\,Starting Price: ,,
2022-02-15,4 Extra Live Centers for Royal Set MT4,,,,,122-A-1,4\,\,7\,6\,3,122\,Starting Price: ,,
2022-02-15,Cat 50 Tool Holder (?) Unknown (CAD?),,20,,2022-03-26,124-A-1,18\,\,16\,12\,7,124\,Starting Price: ,,
2022-02-15,NOS Jacobs Chuck W/ box\, 5-20mm\, \,18-.80\"\, 36 & 3 MT,,51,,2022-03-05,125-A-1,4\,\,7\,7\,5,125\,Starting Price: ,,
2022-02-15,Hardinge Spindle Nose Cover - HLVH HLV-H TFB?,,35,,2022-08-30,151-A-1,2\,\,8\,8\,6,151\,Starting Price: \, Actual Weight: (1.0lbs),,
2022-02-15,National Twist Drill 31/32-1 3/8 Spade Drill\, Series 2 EDP 75606 W/ 4 New 1\" Inserts (New), ,125,,2023-02-04,239-A-1,3\,\,11\,8\,6,239\,Starting Price: ,,
2022-02-15,Sandvik Coromant R166.4FG-123B (New) Tool Holder,,32,,2022-01-15,240-A-1,2\,\,6\,8\,4,240\,Starting Price: \, Actual Weight: (1lb\, 3oz),,
2022-02-15,Dorian MCLNL 12-4B Tool Holder (New),,105,,,241-A-1,2\,\,6\,8\,4,241\,Init Quantity: 3\, Actual Weight: (1lb\, 4oz),,3
2022-02-15,Dorian MVJNL 12-3B Tool Holder (New),,25,,2023-01-10,242-A-1,2\,\,6\,8\,4,242\,\, Actual Weight: (1lb\, 4oz),,
2022-02-15,Canela CA-CLSR12-3B (New),,,,,243-A-1,2\,\,6\,8\,4,243\,Init Quantity: 3\, Actual Weight: (1lb\, 4oz),,3
2022-02-15,Starrett 697 Head (A-Smooth Mvmnt),,35,,2023-09-29,244-A-1,2\,\,10\,8\,6,244\,\, Actual Weight: (1lb\, 5oz),,
2022-02-15,Starrett 697 Head (B-Gritty Mvmnt),,,,,245-A-1,2\,\,10\,8\,6,245\,Starting Price: \, Actual Weight: (1lb\, 10oz),,
2022-02-15,Canela MDJNL 12-4B (Lightly Used),,,,,246-A-1,2\,\,6\,8\,4,246\,Starting Price: \, Actual Weight: (1lb\, 4oz),,
2022-02-15,Lot Misc Pallet,400,1705,1305,,,,Starting Price: ,,
2022-02-15,Do-All Granite Surface Plate Grade A,,,,,,,Starting Price: ,,
2022-02-15,Parallels(?) for Brown and Sharpe 18\" Chuck,,,,,149-A-1,10\,\,12\,8\,7,149\,Starting Price: ,,
2022-02-15,Harig Basic Head + Collets,,405,,2022-06-23,147-A-1,23\,\,17\,11\,7,147\,Starting Price: ,,
2022-02-15,Fowler Trimos Vertical 3\, Model TSV-600,,1300,,2022-07-11,132-A-1,138\,\,51\,20\,16,132\,Starting Price: ,,
2022-02-15,Tax,59,,-59,,,,Starting Price: ,,
2022-02-15,Premium,112.5,,-112.5,,,,Starting Price: ,,
2022-02-16,Lot,100,510,410,,,,Starting Price: ,,
2022-02-16,Royal 5C Collet Chuck A2-5,,500,,2022-03-10,120-A-1,14\,\,9\,9\,9,120\,Starting Price: ,,
2022-02-16,3 Spindle Liners(?),,10,,2022-03-26,119-A-1,34\,\,23\,13\,11,119\,Starting Price: ,,
2022-02-16,Fowler Trimos TRR401-ISO50 Tool Presetter,150,985,,2022-04-08,126-A-1,75\,\,32\,21\,12,126\,Starting Price: ,,
2022-02-16,Tax,0,,0,,,,Starting Price: ,,
2022-02-16,Buyer's Premium,45,,-45,,,,Starting Price: ,,
2022-03-02,Lumber 1x6-8 (Qty: 6 @  7.38) + tax,48.71,,-48.71,,,,Starting Price: ,,
2022-03-02,Williams 1\" Rachet,10,,,,,,Starting Price: ,,
2022-03-02,Lot - 4 V-Blocks 2 Matched sets (1 set Taft Peirce),60,43,-17,,,,Starting Price: ,,
2022-03-02,Shop-Made Matched V-Blocks (1020 Carb&Hdn) Set 1,,43,,,134-A-1,17\,\,9\,9\,6,134\,Starting Price: ,,
2022-03-02,Taft Peirce Matched V-Block Set,,,,,,,Starting Price: ,,
2022-03-02,Lot - 4 V-Blocks 2 Matched sets,45,73,28,,,,Starting Price: ,,
2022-03-02,Shop-Made Matched V-Blocks w/Notch,,9,,2022-06-14,133-A-1,15\,\,11\,10\,8,133\,Starting Price: ,,
2022-03-02,Shop-Made Matched V-Blocks (1020 Carb&Hdn) Set 2,,64,,2022-06-04,135-A-1,17\,\,9\,9\,6,135\,Starting Price: ,,
2022-03-02,Blake Co-Axial Indicator,,,,,,,Starting Price: ,,
2022-03-02,Astd Dial Indicators,,,,,,,Starting Price: ,,
2022-03-02,Starrett 124 Depth Gage Set,60,,,,,,Starting Price: ,,
2022-03-02,18%,47.7,,-47.7,,,,Starting Price: ,,
2022-03-02,Tax,31.27,,,,,,Starting Price: ,,
2022-03-24,Packing Tape,23.02,,-23.02,,,,Starting Price: ,,
2022-03-24,Astd Screwdrivers,10,,,,,,Starting Price: ,,
2022-03-24,Kincrome Wrench Set,25,,,,,,Starting Price: ,,
2022-03-24,18%,7,,,,,,Starting Price: ,,
2022-03-24,Tax,0,,,,,,Starting Price: ,,
2022-04-15,IBM Selectric I 13\" Carriage,,,,,235-A-1,,235\,Starting Price: ,,
2022-04-22,Craftsman 109 Metal Lathe,100,,,,,,Starting Price: ,,
2022-04-26,JB Prowler LD5000 Refrigerant Leak Detector,30,120,90,2022-05-21,138-A-1,7\,\,19\,17\,9,138\,Starting Price: ,,
2022-04-26,Bell & Gossett RO-2\, V55690 Readout W/ Case,60,450,390,2022-01-12,139-A-1,19\,\,17\,16\,13,139\,Starting Price: ,,
2022-04-26,Marathon B302 Motor,25,50,25,2022-01-15,137-A-1,16\,\,15\,9\,8,137\,Starting Price: ,,
2022-04-26,McQay HAEQ5934 Motor,10,90,80,,136-A-1,19\,\,18\,12\,12,136\,Starting Price: ,,
2022-04-26,18%,22.5,,,,,,Starting Price: ,,
2022-04-26,Tax,0,,,,,,Starting Price: ,,
2022-05-01,Makita 1100 Planer,70,,,,,,Starting Price: ,,
2022-05-01,Standard 3 1/2\" Vise,20,,,,,,Starting Price: ,,
2022-05-01,Wilton 5\" Vise (Not bullet),15,65,50,2022,146-A-1,20\,\,17\,11\,10,146\,Starting Price: ,,
2022-05-05,Miller Spectrum-875 Autolink Plasma Cutter,1000,1800,800,2022,145-A-1,135\,\,32\,26\,18,145\,Starting Price: ,,
2022-05-12,Taper Shank Core Drill Bits 4-1 1/16 14-29/32,30,50,20,2022-09-08,166-A-1,25\,\,16\,12\,7,166\,Starting Price: ,,
2022-05-12,Lot 2 6-Drawer Small Parts Cabinets,25,,,,,,Starting Price: ,,
2022-05-12,Astd Transfer Punches,,5,,2022-08-30,163-A-1,4\,\,9\,6\,6,163\,Starting Price: ,,
2022-05-12,32 Misc Straight Shank Reamers,,0,,2022-08-16,167-A-1,20\,\,17\,9\,7,167\,Starting Price: ,,
2022-05-12,Astd Counterbores 12,,,,,194-A-1,10\,\,12\,9\,9,194\,Starting Price: ,,
2022-05-12,Astd Tapered Reamers 14,,,,,205-A-1,18\,\,20\,9\,9,205\,Starting Price: ,,
2022-05-12,Carbide Inserts,,,,,160-A-1,,160\,Init Quantity: 25,,25
2022-05-12,Starrett 823E Box W/ 16\, 17\, 18 Rods,10,25,15,,129-A-1,4\,\,22\,8\,5,129\,Starting Price: ,,
2022-05-12,Starrett 124C W/ Box\, Head\, and  2\" spacer\, and 14-20\, 20-26\, 26-32,35,34,-1,,130-A-1,6\,\,29\,7\,4,130\,Starting Price: ,,
2022-05-12,Buyers Premium (18%),18,0,-18,,,,Starting Price: ,,
2022-05-12,Tax,0,,,,,,Starting Price: ,,
2022-05-12,Lot from Pat,60,107.99,47.99,,,,Starting Price: ,,
2022-05-12,Misc Punches/Cold Chisels,,20.5,,2034-05-02,274-A-1,5\,\,8\,8\,5,274\,Starting Price: ,,
2022-05-12,Misc Greenfield Taps and Dies,,46,,2023-05-12,275-A-1,10\,\,10\,8\,6,275\,Starting Price: ,,
2022-05-12,Misc Machinist Tools,,35,,2023-05-03,276-A-1,11\,\,12\,8\,6,276\,Starting Price: ,,
2022-05-12,Misc General Tools,,5.5,,2023-05-03,277-A-1,30\,\,23\,14\,11,277\,Starting Price: ,,
2022-05-12,Rebel Rotozip + Accessories,,0.99,,2023-04-05,272-A-1,7\,\,13\,8\,7,272\,Starting Price: ,,
2022-05-12,Lot Misc. Planes,25,,,,,,Starting Price: ,,
2022-05-12,Stanley Compass Plane,,,,,,,Starting Price: ,,
2022-05-12,Starrett 124 2-12\" Inside Micrometer,,,,,128-A-1,4\,\,16\,8\,7,128\,Starting Price: ,,
2022-05-13,Lot Astd Grinding Wheels,30,,,,,,Starting Price: ,,
2022-05-13,Jacobs 20N Chuck w/ MT4 Arbor w/ Key,70,160,90,2022-05-18,142-A-1,12\,\,15\,8\,7,142\,Starting Price: ,,
2022-05-13,Dorian CXA QCTP W/ 4 holders,275,425,150,2022-06-20,144-A-1,26\,\,16\,12\,7,144\,Starting Price: ,,
2022-05-13,Astd Hardinge 5C-adapting Expanding Collets,15,56,41,2022-05-21,143-A-1,8\,\,12\,8\,8,143\,Starting Price: ,,
2022-05-13,Sunnen JN-95 Junior Portable Hone,150,300,150,2022-05-20,140-A-1,11\,\,16\,12\,7,140\,Starting Price: ,,
2022-05-13,Sunnen AN-815 Heavy Duty Portable Hone,175,375,200,2022-05-15,141-A-1,12\,\,17\,11\,10,141\,Starting Price: ,,
2022-05-13,Lot Carbide Endmills,50,,,,,,Starting Price: ,,
2022-05-13,I-R Air Rachet Wrench,60,145,85,2022-07-13,161-A-1,6\,\,17\,9\,7,161\,Starting Price: ,,
2022-05-13,Matco Manual Impact Driver Set,20,,,,,,Starting Price: ,,
2022-05-13,Diecraft 412 12\" C-Clamp,25,,,,,,Starting Price: ,,
2022-05-13,Diecraft 412 12\" C-Clamp,25,,,,,,Starting Price: ,,
2022-05-13,Lot Craftsman Middle Tool Cabine W/ Misc tool cases,70,270,200,,,,Starting Price: ,,
2022-05-13,Craftsman Quiet-Glide Middle Tool Cabinet,,250,,2022-05-27,,59\,\,30\,20\,18,Starting Price: ,,
2022-05-13,Starrett 6\" Dial Caliper Case\, CASE ONLY,,10,,2022-09-15,172-A-1,2\,\,16\,8\,4,172\,Starting Price: ,,
2022-05-13,Astd Import Micrometer Cases (Cases Only),,0,,,195-A-1,2\,\,8\,8\,6,195\,Starting Price: Thrown Out\, Actual Weight: (1.2lbs),,
2022-05-13,Mitutoyo 147-351 Hub Micrometer (Case Only),,10,,2024-05-05,196-A-1,2\,\,8\,8\,6,196\,Starting Price: \, Actual Weight: (0.9lbs),,
2022-05-13,18%,173.7,0,-173.7,,,,Starting Price: ,,
2022-05-13,Tax,0,,,,,,Starting Price: ,,
2022-05-24,Dorian AXA Quick Change Toolpost,125,,,,,,Starting Price: ,,
2022-05-29,Mitutoyo 7-8 Digit (Not digital),30,99,47.05,2022-07-19,150-A-1,8\,\,18\,13\,5,150\,Starting Price: ,,
2022-05-29,Mitutoyo 7\" Standard,21.95,,,,,,Starting Price: ,,
2022-06-07,Craftsman 3 1/2 ton floor jack Model 50145,30,,,,,,Starting Price: ,,
2022-06-07,Seals for Craftsman 50145 jack,40,,,,,,Starting Price: ,,
2022-06-08,Dewalt Hex-Drive Bit Set,10,,,,,,Starting Price: ,,
2022-06-08,Craftsman Buffer,25,,,,,,Starting Price: ,,
2022-06-08,Craftsman 6 Ton Jack Stand Pair,30,,,,,,Starting Price: ,,
2022-06-09,Lot Astd Combinaiton Wrenches (Husky and Superrench),20,29,9,,,,Starting Price: ,,
2022-06-09,2 Craftsman Wrenches 7/8\" 1\",,15,,2022-08-14,168-A-1,3\,\,21\,5\,5,168\,Starting Price: ,,
2022-06-09,3 Huskey Wrenches 19mm\, 21mm\, 22mm,,9,,2022-08-21,169-A-1,4\,\,19\,7\,6,169\,Starting Price: ,,
2022-06-09,Proto Professional 3/4\",,5,,2022-09-27,170-A-1,2\,\,14\,7\,6,170\,Starting Price: ,,
2022-06-09,2 Double End (DE) Wrenches\, Williams Superrench 1 1/4 x 1 1/16\, SK 1 x 15/16,,,,,171-A-1,3\,\,14\,7\,6,171\,Starting Price: ,,
2022-06-09,Lot 2 Torque Wrenches,15,,,,,,Starting Price: ,,
2022-06-09,PowerKraft 1/2\" Torque Wrench,,,,,,,Starting Price: ,,
2022-06-09,Dial Torque Wrench,,,,,,,Starting Price: ,,
2022-06-09,18%,6.3,0,-6.3,,,,Starting Price: ,,
2022-06-13,Lot 9 Astd Dril Chucks and 4 Astd Centers W/ Sleeves W/ Misc Tooling,240,49,-191,,,,Starting Price: ,,
2022-06-13,Morse Taper Adapters and Keys/Wedges,,4.5,,2022-08-26,173-A-1,8\,\,9\,8\,6,173\,Starting Price: ,,
2022-06-13,Misc Junk Carabide Tipped Lathe Bits,,0,,,174-A-1,30\,\,10\,8\,8,174\,Starting Price: ,,
2022-06-13,Misc Pneumatic Lever Pistol Nozzles Blowers,,4.5,,2022-08-16,175-A-1,5\,\,11\,7\,6,175\,Starting Price: ,,
2022-06-13,MT3 Spring Loaded Live Center,,35,,,203-A-1,2\,\,9\,7\,5,203\,Starting Price: \, Actual Weight: (1.2lbs),,
2022-06-13,Astd Square Nut Wrenches,,,,,204-A-1,2\,\,8\,7\,5,204\,Starting Price: \, Actual Weight: (1.8lbs),,
2022-06-13,Starrett S154LZ Adjustable Parallel Set (CASE ONLY),,5,,2022-09-30,197-A-1,2\,\,11\,9\,7,197\,Starting Price: \, Actual Weight: (1.0lbs),,
2022-06-13,Dorian Right Angle Head\, R8 Taper,300,,-300,,153-A-1,22\,\,13\,10\,8,153\,Starting Price: ,,
2022-06-13,Lot 6 Chucks,210,0,-210,,,,Starting Price: ,,
2022-06-13,151-A Jacobs 2A Chuck W/ Key to Straight Shank ,,,,,154-A-1,2\,\,5\,5\,7,154\,Starting Price: \, Actual Weight: (1.3lbs),,
2022-06-13,151-B Jacobs 2A Chuck W/ Key to Straight Shank ,,,,,155-A-1,1\,13\,8\,8\,6,155\,Starting Price: ,,
2022-06-13,151-C Jacobs 8 1/2 BalllB Super Chuck W/Key to R8,,,,,156-A-1,2\,7\,8\,8\,6,156\,Starting Price: ,,
2022-06-13,151-D Jacobs 14N BallB Super Chuck W/Key to R8,,,,,157-A-1,4\,7\,7\,7\,8,157\,Starting Price: ,,
2022-06-13,151-E Jacobs 14N BallB Super Chuck W/Key to R8,,,,,158-A-1,4\,4\,8\,8\,6,158\,Starting Price: ,,
2022-06-13,151-F Jacobs 16N BallB Super Chuck W/Key to R8,,,,,159-A-1,4\,8\,9\,7\,6,159\,Starting Price: ,,
2022-06-13,18%,135,0,-135,,,,Starting Price: ,,
2022-06-13,Lot - Cnc's,450,,,,,,Starting Price: ,,
2022-06-13,CNC Sherline Lathe,,,,,,,Starting Price: ,,
2022-06-13,CNC Sherline Mill,,,,,,,Starting Price: ,,
2022-06-19,Lot,30,,,,,,Starting Price: ,,
2022-06-19,Starrett 196 Black Plunge Indicator,,,,,,,Starting Price: ,,
2022-06-19,Starrett 196 Black Plunge Indicator,,,,,,,Starting Price: ,,
2022-06-19,Starrett 490 Angle Head for Square,,,,,,,Starting Price: ,,
2022-06-19,Starrett C604-R 18\" Ruler,,,,,,,Starting Price: ,,
2022-06-19,Starrett 827B Edge Finder W/ Pouch,,,,,,,Starting Price: ,,
2022-06-19,Starrett 284 29 Deg Screw Thread Gage,,,,,,,Starting Price: ,,
2022-06-19,Misc Indicator Holder Hardware (3pcs),,,,,,,Starting Price: ,,
2022-06-19,Starrett 824A Original Box,15,,,,,,Starting Price: \,complete and no rust,,
2022-06-19,Powermate Air Compressor (Working),40,,,,,,Starting Price: ,,
2022-06-19,30lbs Round-bar steel,15,,,,,,Starting Price: ,,
2022-06-19,Lot,15,,,,,,Starting Price: ,,
2022-06-19,National Double End Drill Angle Grinding Gauge,,,,,,,Starting Price: ,,
2022-06-19,Brown and Sharpe 388\, 2.5\" ID/OD caliper,,,,,,,Starting Price: ,,
2022-06-21,Atlas 618 Lathe + Assecories,675,,,,,,Starting Price: ,,
2022-07-03,Craftsman Impact Socket Set,35,,,,,,Starting Price: ,,
2022-07-07,Lot,0,,131.85,,,,Starting Price: \,From Mario,,
2022-07-07,Eagle Claw\, Pack It Series Fishing Rod,,20.5,,2022-07-19,165-A-1,2\,\,24\,5\,4,165\,Starting Price: ,,
2022-07-07,Mako Fishing Rod,0,,,,164-A-1,5\,\,46\,8\,6,164\,Starting Price: ,,
2022-07-07,Wolf 814883 Electrode/Igniter Cable kit,,26.35,,,199-A-1,2\,\,8\,8\,6,199\,Starting Price: \, Actual Weight: (0.9lbs),,
2022-07-07,Wolf 815507 - Tytronics RI306 6 Point Gas Re-Igniter,,70,,,200-A-1,3\,\,16\,10\,8,200\,Starting Price: \, Actual Weight: (2.6lbs),,
2022-07-07,Sub-Zero Tytronics 815552 Single Point Gas Re-Igniter RI 120A-1,,15,,,201-A-1,2\,\,8\,8\,6,201\,Starting Price: \, Actual Weight: (0.8lbs),,
2022-07-10,Makita Circular Saw (36v) New,100,,,,,,Starting Price: ,,
2022-07-10,Makita 5.0Ah battery New,55,,,,,,Starting Price: ,,
2022-07-10,Makita 5.0 Ah battery,45,,,,,,Starting Price: ,,
2022-07-10,Jacobs Chuck W/ MT1 Arbor,5,,,,,,Starting Price: ,,
2022-07-10,Pneumatic Line,10,,,,,,Starting Price: ,,
2022-07-10,Compression Checker,10,,,,,,Starting Price: ,,
2022-07-10,Vacuum Checker,10,,,,,,Starting Price: ,,
2022-07-10,Interapid 0.0005\" Test Indicator + Case + Mounting Hardware,20,,,,,,Starting Price: ,,
2022-07-10,Mitutoyo 0.0001\" Test Indicator + Case + Mounting Hardware,20,,,,,,Starting Price: ,,
2022-07-10,Starrett No 4 Rule and Center Finder Head,5,,,,,,Starting Price: ,,
2022-07-17,Threaded Cord-Wire Wheel,5,,,,,,Starting Price: ,,
2022-07-17,Mitutoyo 0.0001\" Test Indicator + Case + Mounting Hardware,20,,,,,,Starting Price: ,,
2022-07-17,Makita Double 18V Charging Station (New),45,,,,,,Starting Price: ,,
2022-07-17,Blue Point Snap Ring Pliers Set,50,,,,,,Starting Price: ,,
2022-07-29,NYE 1/2\"-1 1/4\" Pipe Threader W/ Dies & Handle,30,,,,,,Starting Price: ,,
2022-07-29,Tiwanese Line Wrenches,5,,,,,,Starting Price: ,,
2022-07-29,3 Small Vises,25,15.5,-9.5,,,,Starting Price: ,,
2022-07-29,Jewlers Vise\, Special\, George Colton,,15.5,,2022-11-23,191-A-1,6\,\,17\,10\,8,191\,Starting Price: ,,
2022-07-29,5 Small Drill Chucks,15,,,,,,Starting Price: ,,
2022-07-29,2 Keyless and 3 Small Chucks,10,,,,,,Starting Price: ,,
2022-07-29,Lot Astd Collets,25,220,195,,,,Starting Price: ,,
2022-07-29,Set of Gorton Collets and B&S Taper Adapter,,220,,2023-03-29,198-A-1,5\,\,8\,8\,6,198\,Starting Price: ,,
2022-07-29,2 Door Steel Cabinet W/ Contents,50,175,125,,,,Starting Price: ,,
2022-07-29,Astd Helicoil Go/No Go Gages,,70,,2022-09-13,185-A-1,2\,\,8\,7\,5,185\,Starting Price: ,,
2022-07-29,Astd Thread Go/No Go Gages,,30,,2022-08-16,186-A-1,2\,\,8\,7\,5,186\,Starting Price: ,,
2022-07-29,Astd Plug/Ring Gages\, Shop-Made,,,,,187-A-1,50\,\,17\,11\,10,187\,Starting Price: ,,
2022-07-29,Astd Go/No Go plug Gage Holders\, 2 sided\, red/green ( 17) ,,10,,2023-01-29,188-A-1,3\,\,10\,7\,7,188\,Starting Price: ,,
2022-07-29,7 Tommy Gage Go/No Go Holders,,15,,2022-09-20,189-A-1,2\,\,10\,7\,7,189\,Starting Price: ,,
2022-07-29,Astd Go/No Go Plug Gages W/ Holders,,50,,2022-08-13,190-A-1,6\,\,9\,7\,6,190\,Starting Price: ,,
2022-07-29,Dumore No 16-011 Hi-Speed Sensitive Drill Press,125,,,,,,Starting Price: ,,
2022-07-29,Darex Dril Sharpener\, 1/3HP,90,235,145,,176-A-1,42\,\,21\,20\,19,176\,Starting Price: ,,
2022-07-29,Weldon Sharpening Fixture W/ Collets\,Case\, Spindles,125,425,300,2022-11-09,177-A-1,86\,\,33\,19\,18,177\,Starting Price: \, Actual Weight: (83.8lbs),,
2022-07-29,Hardinge H4-5C Collet Fixture,40,120,80,2022-08-23,193-A-1,18\,\,13\,11\,9,193\,Starting Price: ,,
2022-07-29,5 R8 Tool Holders W/ Jacobs Quick Change R8 Mount,125,45,-80,,,,Starting Price: Note: Jacobs Quick Change R8 Mount sold in 192,,
2022-07-29,R8 Slitting Arbor Heavy Duty,,45,,2022-10-07,202-A-1,4\,\,9\,7\,6,202\,Starting Price: ,,
2022-07-29,Large Qty of Jacobs Quick Change Tool Holders,125,675,550,,192-A-1,22\,\,11\,9\,8,192\,Starting Price: ,,
2022-07-29,5\" Mill Vise (4\" kurt vise D40\, listed as 5\"),125,,,,,,Starting Price: ,,
2022-07-29,B&S 1-6\" Micrometer W/ Standards and Anvils,45,,,,,,Starting Price: ,,
2022-07-29,Fowler 2-3\" Digit Micrometer,10,40,30,2022-08-12,180-A-1,3\,\,14\,7\,5,180\,Starting Price: ,,
2022-07-29,Mitutoyo 123-126 1-2\" Disk Micrometer,15,,,,,,Starting Price: ,,
2022-07-29,Mitutoyo 123-125 0-1\" Disk Micrometer,15,,,,,,Starting Price: ,,
2022-07-29,Standard No. 1 Dializer Micromerer / Taft Peirce Snap Gauge,20,,,,182-A-1,3\,\,13\,7\,6,182\,Starting Price: ,,
2022-07-29,Fowler 0-4\" Digit Depth Gauge\, 0.0001\" Reading,10,70,60,2022-08-23,178-A-1,3\,\,10\,8\,6,178\,Starting Price: ,,
2022-07-29,Lufkin 613 Depth Gauge,10,15,5,2022-09-07,183-A-1,2\,\,15\,7\,6,183\,Starting Price: ,,
2022-07-29,Lufkin 513 Depth Gauge,10,15,5,2022-08-18,179-A-1,2\,\,9\,7\,6,179\,Starting Price: ,,
2022-07-29,Astd Inspection Equiptment\, Old welding glasses\, pin spanners,25,,,,,,Starting Price: ,,
2022-07-29,Lot,,,,,,,Starting Price: ,,
2022-07-29,Federal Gauge,5,,,,,,Starting Price: ,,
2022-07-29,Mitutoyo 7217 Dial Depth Gauge Case,,,,,181-A-1,2\,\,13\,9\,6,181\,Starting Price: ,,
2022-07-29,Interapid Internal Bore Gauge,10,,,,,,Starting Price: ,,
2022-07-29,Stewart Warner RPM Ind + Astd Indicators,10,,,,,,Starting Price: ,,
2022-07-29,Bokum Boring Head,30,,,,,,Starting Price: ,,
2022-07-29,Eclipse 934 Magnetic V Block,30,80,50,2022-08-26,184-A-1,12\,\,13\,10\,10,184\,Starting Price: ,,
2022-07-29,Eclipse 934 Magnetic V Block,25,,,,,,Starting Price: ,,
2022-07-29,Van Keuran Gage Block Set\, 0.100-2.0\",20,,,,,,Starting Price: ,,
2022-07-29,18%,216.9,0,-216.9,,,,Starting Price: ,,
2022-07-29,Tax,142.19,0,-142.19,,,,Starting Price: ,,
2022-08-28,Motor+Gearbox,10,,,,,,Starting Price: ,,
2022-08-28,Set Cleveland Letter Drills,12,,,,,,Starting Price: ,,
2022-08-28,Lot from Justin,115,110.98,,,,,Starting Price: ,,
2022-08-28,Astd Craftsman Sockets 23\, 10 SAE\, 13 Metric,,4.99,,2022-10-06,206-A-1,4\,\,9\,7\,6,206\,Starting Price: ,,
2022-08-28,Astd Taiwan Sockets 14,,,,,207-A-1,3\,\,8\,8\,5,207\,Starting Price: ,,
2022-08-28,Astd Deep Well Sockets 16,,0.99,,2022-10-14,208-A-1,5\,\,9\,7\,6,208\,Starting Price: ,,
2022-08-28,Astd Sockets 7 + 1 impact,,,,,209-A-1,2\,\,9\,6\,4,209\,Starting Price: \, Actual Weight: (1.4lbs),,
2022-08-28,Misc American Sockets 14,,4.99,,2022-10-14,210-A-1,3\,\,10\,5\,4,210\,Starting Price: ,,
2022-08-28,Misc Taps/Dies,,,,,211-A-1,5\,\,8\,7\,5,211\,Starting Price: ,,
2022-08-28,Chisholm Moore Chain Hoise Puller Comealong 3/4-B Ton,,80,,2022-10-13,213-A-1,17\,\,30\,8\,7,213\,Starting Price: ,,
2022-08-28,Toledo No 00 Racheting Pipe Die Kit,,,,,215-A-1,16\,\,23\,10\,8,215\,Starting Price: ,,
2022-08-28,New Set in Case Craftsman 3/8 SAE Sockets,,,,,217-A-1,3\,\,16\,8\,5,217\,Starting Price: ,,
2022-08-28,3 Pipe Wrenches (18\"\,14\"x2)\, Spain\, Sears\, Craftsman,,,,,218-A-1,16\,\,14\,12\,8,218\,Starting Price: ,,
2022-08-28,2 Pipe Wrenches ( 19\"\, 12\") Ridgid,,20.01,,2022-10-15,219-A-1,14\,\,14\,12\,8,219\,Starting Price: ,,
2022-08-28,2 Air Rachets (3/8\") Chicago Pneumatic\, Sanborn,,,,,220-A-1,7\,\,13\,8\,8,220\,Starting Price: ,,
2022-08-28,Ridgid No 2 Pipe Cutter,,,,,221-A-1,8\,\,18\,8\,7,221\,Starting Price: ,,
2022-08-28,Chain Hoist\, Hand Powered\, unbranded,,0,,,222-A-1,11\,\,26\,8\,8,222\,Starting Price: Thrown Out,,
2022-09-17,GTD Go/No go Thread Gage Set\, 1/4-1\"\, UNC,50,150,100,2022-09-18,212-A-1,13\,\,25\,11\,7,212\,Starting Price: ,,
2022-09-17,Milwaukee 1854-1 Super Hole Shooter,60,,,,,,Starting Price: ,,
2022-09-17,13lbs Scrap Carbide,60,74.61,14.61,2022-11-14,214-A-1,16\,\,11\,8\,7,214\,Starting Price: (Sold for 90\, buyer didn't receive\, paid 15.39 for shipping correct box),,
2022-09-17,Kitagawa 10\" Hydraulic Chuck in orig box HJA6-10-1,40,586.74,546.74,2024-02-29,216-A-1,99\,\,21\,16\,10,216\,Starting Price: ,,
2022-09-17,Festo Machine Fixture,20,,,,,,Starting Price: ,,
2022-09-17,LOT Astd Taper Tool Holders,60,,,,,,Starting Price: ,,
2022-09-17,Astd Woodruff Keys,10,,,,,,Starting Price: ,,
2022-09-17,18%,54,0,-54,,,,Starting Price: ,,
2022-09-17,Tax,35.4,0,-35.4,,,,Starting Price: ,,
2022-09-21,Lot: Boring Bars\, Lathe Insert Cutters & Small Boring Heads,50,,,,,,Starting Price: ,,
2022-09-21,Lot 4 Jacobs Chucks,100,335,235,,,,Starting Price: ,,
2022-09-21,228-A Jacobs Chuck - W/ Key,,55,,2022-11-19,229-A-1,5\,\,9\,8\,6,229\,Starting Price: ,,
2022-09-21,228-B Jacobs Chuck - W/ Key,,95,,2022-11-06,230-A-1,8\,\,11\,8\,6,230\,Starting Price: ,,
2022-09-21,228-C Jacobs Chuck - W/ Key,,90,,2022-11-06,231-A-1,8\,\,11\,8\,6,231\,Starting Price: ,,
2022-09-21,228-D Jacobs Chuck - W/ Key,,95,,2022-11-03,232-A-1,7\,\,9\,7\,6,232\,Starting Price: ,,
2022-09-21,Gesswein Ultra Max Rotary Tool w/Accessories,50,1200,1150,2022-04-28,273-A-1,52\,\,25\,22\,21,273\,Starting Price: ,,
2022-09-21,Optidress - E,250,,,,,,Starting Price: ,,
2022-09-21,Bowers Sylvac 25 Digital Bore Gauge Set,50,,,,226-A-1,13\,\,17\,12\,11,226\,Starting Price: ,,
2022-09-21,Lot,50,327.24,277.24,,,,Starting Price: ,,
2022-09-21,Flowmeter,,,,,,,Starting Price: ,,
2022-09-21,Pratt Whitney Sigmatic Tester,,,,,,,Starting Price: ,,
2022-09-21,Alnor Portable Pyrometer,,,,,,,Starting Price: ,,
2022-09-21,Mahr Federal Indicator Stand,,67.24,,2023-10-18,223-A-1,35\,\,19\,18\,15,223\,Starting Price: ,,
2022-09-21,Mitutoyo Digital Indicator 543-564-1\, 2.4\" Travel,,260,,2022-11-22,225-A-1,5\,\,13\,13\,11,225\,Starting Price: ,,
2022-09-21,Lot,50,260,210,,,,Starting Price: ,,
2022-09-21,Cadillac Height Gauge 12\",,100,,2022-10-04,224-A-1,43\,\,25\,20\,20,224\,Starting Price: ,,
2022-09-21,Mitutoyo 12\" Dial Height Gauge,,160,,2022-12-17,227-A-1,15\,\,26\,15\,11,227\,Starting Price: ,,
2022-09-21,Tax,66.08,0,-66.08,,,,Starting Price: ,,
2022-09-21,18%,126,0,-126,,,,Starting Price: ,,
2022-09-28,St. Mary Motorized Centerless Grinding Fixture,45,,,,,,Starting Price: ,,
2022-09-28,18%,8.1,0,-8.1,,,,Starting Price: ,,
2022-09-28,Rectifier (3) - 2W02G GENERAL SEMICONDUCTOR DIODE BRIDGE GPP 2.0A 200V WOB,8.55,0,-8.55,,,,Starting Price: \,For Optidress,,
2022-10-11,Kennedy Two Drawer Tool Box,40,30,-10,2023-07-12,296-A-1,51\,\,35\,25\,18,296\,Starting Price: ,,
2022-10-11,Taft Peirce 202 Right Angle Plate,25,202.5,177.5,2022-12-12,228-A-1,56\,\,28\,16\,16,228\,Starting Price: ,,
2022-10-11,BIAX TYPE IV E/B SCRAPER WITH STEEL CASE,550,,,,,,Starting Price: ,,
2022-10-11,Astd Carbide-Tip Taper Shank Drill Bits,10,,,,,,Starting Price: ,,
2022-10-11,Starrett Inside Micrometer W/ Standards,35,,,,,,Starting Price: ,,
2022-10-11,Cole-Parmer 8213-20 Tachometer,15,,,,,,Starting Price: ,,
2022-10-11,4' Straight Edge,50,,,,,,Starting Price: ,,
2022-10-11,18\" Straight Edge,70,,,,,,Starting Price: ,,
2022-10-11,18%,143.1,0,-143.1,,,,Starting Price: ,,
2022-10-14,Bearing - ND New Departure Steel Cased Ball Bearing 87008,14.29,0,-14.29,,,,Starting Price: \,For Dumore Drill Press,,
2022-10-14,Bearing - DELCO NEW DEPARTURE HYATT CWC87006 WC87006 BEARING 0.25\" X 0.94\" X 0.40\" A560,8.79,0,-8.79,,,,Starting Price: \,For Dumore Drill Press,,
2022-10-27,Ridgid 60\" Pipe Wrench,60,,,,,,Starting Price: ,,
2022-10-27,2 - 30\"x15\"x60\" Sheet Meal Shelving Units,10,,,,,,Starting Price: ,,
2022-10-27,4 - Pallet Racks 48\"x24\"x84\",44,,,,,,Starting Price: ,,
2022-10-27,Tax,9.98,0,-9.98,,,,Starting Price: ,,
2022-10-27,18%,20.52,0,-20.52,,,,Starting Price: ,,
2022-11-11,Miller Maxstar 210 DX,1404,,,,,,Starting Price: \,Sterling and Knight Pawn Shop,,
2022-12-15,Mitutoyo1.4-4\" Bore Gauge Set\, 3 Bore Gages,150,,,,249-A-1,11\,\,24\,18\,10,249\,Starting Price: ,,
2022-12-15,25 Steel Round Bar Cutoffs,35,,,,,,Starting Price: ,,
2022-12-15,Enco Dickson-Style QCTP W/ 5 Tool Holders,125,363.64,238.64,,247-A-1,80\,\,23\,14\,11,247\,Starting Price: ,,
2022-12-15,18%,55.8,0,-55.8,,,,Starting Price: ,,
2022-12-15,Tax,0,0,0,,,,Starting Price: ,,
2022-12-17,Milwaukee 1675-1 Hole Hawg Drill,40,59.93,19.93,2023-09-30,300-A-1,31\,\,23\,19\,14,300\,Starting Price: NOTE: RECORD SHIPPING PRICE,,
2022-12-17,Astd Micromet Lot,15,,,,,,Starting Price: ,,
2022-12-17,Brown Sharpe 230 Micrometer 0-3/8\",,,,,,,Starting Price: ,,
2022-12-17,Brown Sharpe 599-578-1 Dial Calipers W/ Sarrett Case,20,,,,,,Starting Price: ,,
2022-12-17,Super Six Adjustable Reamer Set,25,130,105,2022-01-14,238-A-1,10\,\,14\,11\,9,238\,Starting Price: ,,
2022-12-17,Clausing No. 1765 Floor Drill Press,375,,,,,,Starting Price: ,,
2022-12-17,Clausing No. 16VC-1 Floor Drill Press,200,,,,,,Starting Price: ,,
2022-12-17,18%,121.5,0,-121.5,,,,Starting Price: ,,
2022-12-17,Tax,79.65,0,-79.65,,,,Starting Price: ,,
2022-12-17,Craftsman Floor Model Drill Press,23,,,,,,Starting Price: ,,
2022-12-17,Robbins Myers Gear Motor,81.95,0,-81.95,,,,Starting Price: ,,
2023-01-03,Moebius 9010 2ml Light Clock Oil,43.99,0,-43.99,,,,Starting Price: ,,
2023-01-10,Lot 2 Ultrasonic Leak Detectors,10,255,245,,,,Starting Price: ,,
2023-01-10,Mitchell Asonics Son-Tector 110-M Ultrasonic Leak Detector,,255,,2023-07-20,290-A-1,,290\,Starting Price: ,,
2023-01-10,18%,1.8,,,,,,Starting Price: ,,
2023-02-16,Tax,0.13,,,,,,Starting Price: ,,
2023-02-16,Lot in safe,400,1750,1350,,,,Starting Price: ,,
2023-02-16,Bridgeport Right Angle Milling Head W/ Horiz Support and arbor A,,850,,2023-04-14,270-A-1,50\,\,18\,12\,12,270\,Starting Price: ,,
2023-02-16,Bridgeport Right Angle Milling Head W/ Horiz Support and arbor B,,900,,2023-04-02,271-A-1,50\,\,18\,12\,12,271\,Starting Price: ,,
2023-02-16,Lot 1\" Drive Sockets,20,,,,,,Starting Price: ,,
2023-02-16,Lot on pallets (LOT MISC. TOOLING\, HAND TOOLS\, GAUGE STAND\, DIAL INDICATORS\, RUBBER MAT\, CENTERS\, MISC. ON 2-SKIDS),150,-8.32,-158.32,,,,Starting Price: ,,
2023-02-16,Indicators,,,,,,,Starting Price: ,,
2023-02-16,Indicator Stands,,,,,,,Starting Price: ,,
2023-02-16,Sharpies,,,,,,,Starting Price: ,,
2023-02-16,Travadials (3),,,,,,,Starting Price: ,,
2023-02-16,Drywall and Concrete Anchors,,,,,299-A-1,13\,\,20\,10\,9,299\,Starting Price: ,,
2023-02-16,Astd Sorted Allen Wrenches (NOS),,-8.32,,2023-09-12,298-A-1,11\,\,20\,10\,9,298\,Starting Price: ,,
2023-02-16,Mag Drill,175,,,,,,Starting Price: ,,
2023-02-16,Astd Mitutoyo micrometers in cases,200,518,318,,,,Starting Price: ,,
2023-02-16,Mitutoyo 6-12 Interchangable Anvil Mic 104-138,,230,,2023-04-01,266-A-1,19\,\,24\,19\,9,266\,Starting Price: ,,
2023-02-16,Mitutoyo 0-6\" Interch. Anvil Mic 204-137,,125,,2022-03-15,267-A-1,9\,\,17\,11\,6,267\,Starting Price: ,,
2023-02-16,Mitutoyo 6-7\" Digit Micrometer 193-217,,73,,2023-03-09,268-A-1,8\,\,17\,11\,7,268\,Starting Price: ,,
2023-02-16,Mitutoyo 0-3\" Mic set 193-923,,90,,2023-03-01,269-A-1,7\,\,17\,11\,7,269\,Starting Price: ,,
2023-02-16,Powermatic 14\" Drill Press,200,,,,,,Starting Price: ,,
2023-02-16,18%,206.1,0,-206.1,,,,Starting Price: ,,
2023-02-16,Tax,135.11,0,-135.11,,,,Starting Price: ,,
2023-03-13,1979 F-350,4000,,,,,,Starting Price: \,Paid wire on 3/13,,
2023-03-30,Lot 1,200,325,125,,,,Starting Price: ,,
2023-03-30,SPI 18-piece Angle Grinding Gauge Set,,,,,,,Starting Price: ,,
2023-03-30,Starrett Radius Gage Set 5167C,,,,,,,Starting Price: ,,
2023-03-30,Mituotyo 1-2\" Micrometer 202-106,,,,,283-A-1,\,1\,1\,9\,7\,4,283\,Starting Price: ,,
2023-03-30,Fowler 0-1\" Digital Micrometer 54-815-001-2 EDP#:16595,,,,,,,Starting Price: ,,
2023-03-30,Fowler 0-1\" Digital Micrometer 54-815-001-2 EDP#:16595,,,,,,,Starting Price: ,,
2023-03-30,Fowler 2-3\" Micrometer W/ Case and Standard\, 0.0001\",,40,,2023-06-25,285-A-1,3\,\,13\,9\,6,285\,Starting Price: ,,
2023-03-30,Fowler 0-6\" Depth Micrometer 0.001\",,65,,2023-05-15,284-A-1,4\,\,15\,10\,8,284\,Starting Price: ,,
2023-03-30,Huot 1/16-1/2\" Long Drill Bit Set,,,,,,,Starting Price: ,,
2023-03-30,Jacobs Chuck 1/2\" W/ Key\, No 34\, Straight Shank,,,,,,,Starting Price: ,,
2023-03-30,Jacobs Chuck 3/4\" W/ Key\, No 36\, MT4 A,,85,,2023-04-27,278-A-1,6\,\,9\,7\,7,278\,Starting Price: ,,
2023-03-30,Skoda MT3 Live Center,,135,,2023-04-28,281-A-1,3\,\,8\,8\,6,281\,Starting Price: ,,
2023-03-30,Dumore Hand Grinder 8555-210,,,,,,,Starting Price: ,,
2023-03-30,Lot 2,65,20,-45,,,,Starting Price: ,,
2023-03-30,Surface Gauge (Unbranded),,20,,2023-05-08,282-A-1,4\,\,15\,10\,4,282\,Starting Price: ,,
2023-03-30,Interapid 0.0005\" Test Indicator 312B-1,,,,,,,Starting Price: ,,
2023-03-30,Starrett Protractor No C493B,,,,,,,Starting Price: ,,
2023-03-30,Mitutoyo 6\" Combination Square W/ Center Finder (And Scribe!),,,,,,,Starting Price: ,,
2023-03-30,Mitutoyo 6\" Combination Square W/ Center Finder,,,,,,,Starting Price: ,,
2023-03-30,Mitutoyo Center Finder 180-202,,,,,280-A-1,1\,1\,8\,8\,6,280\,Starting Price: ,,
2023-03-30,Starrett Adjustable Parallel Set 3/8-2 1/4 No S 154 L,,,,,,,Starting Price: ,,
2023-03-30,Starrett Adjustable Parallels (4)\, C\,D\,D\, and F,,,,,,,Starting Price: ,,
2023-03-30,Mitutoyo 12\" Digital Height Master In Orig Box,50,,,,,,Starting Price: ,,
2023-03-30,Criterion Boring Head DBL-203,30,180,150,2023-04-26,279-A-1,7\,\,9\,7\,6,279\,Starting Price: ,,
2023-04-04,Criterion Boring Head DBL-206,50,375,325,2023-07-30,286-A-1,48\,\,17\,11\,10,286\,Starting Price: ,,
2023-04-04,18%,9,,,,,,Starting Price: ,,
2023-04-04,Tax,5.9,,,,,,Starting Price: ,,
2023-04-14,Rothenberger Tee Extractor Kit,50,325,275,2023-07-13,288-A-1,11\,\,18\,10\,8,288\,Starting Price: ,,
2023-04-14,Miller Maxstar 200 Welder S/N ME240309L,700,,,,,,Starting Price: ,,
2023-04-14,18%,135,,,,,,Starting Price: ,,
2023-04-18,LOT: Cross Slide T-Slot Table\, Pin Gages\, V-Block\, Setup Blocks,175,232.61,57.61,,,,Starting Price: ,,
2023-04-18,(Phase II?) Cross Slide T-Slot Table,,150,,2023-06-22,287-A-1,43\,\,20\,14\,14,287\,Starting Price: ,,
2023-04-18,Vermont Pin Gage Set,,82.61,,,289-A-1,39\,\,21\,17\,13,289\,Starting Price: NOTE: RECORD SHPPING PRICE,,
2023-04-18,18%,31.5,,,,,,Starting Price: ,,
2023-04-18,Tax,17.56,,,,,,Starting Price: ,,
2023-05-03,Carbide Lot,110,0,-110,,,,Starting Price: Sold in 291,,
2023-05-03,Carbide Lot,110,510,400,2023-06-16,291-A-1,55\,\,14\,11\,11,291\,Starting Price: Both lots sold in this one,,
2023-05-03,Milwaukee 3/4 Drill,35,,,,,,Starting Price: ,,
2023-05-03,18%,45.9,,,,,,Starting Price: ,,
2023-05-03,Tax,0,,,,,,Starting Price: ,,
2023-05-23,Bridgeport No 2 Boring Head Set W/ Case,110,215,105,2023-07-13,294-A-1,16\,\,18\,12\,12,294\,Starting Price: ,,
2023-05-23,18%,19.8,,,,,,Starting Price: ,,
2023-05-23,Tax,0,,,,,,Starting Price: ,,
2023-06-18,3 Socket Organizers (2-3/8\, 1-1/2),10,,,,,,Starting Price: ,,
2023-06-18,1-1/8 Williams Socket,3,,,,,,Starting Price: ,,
2023-06-18,Rope,5,,,,,,Starting Price: ,,
2023-06-18,Dwell Tachometer,3,,,,,,Starting Price: ,,
2023-06-18,1-1/8 Impact Socket,5,,,,,,Starting Price: ,,
2023-06-18,GM Factory AM/FM Radio,10,,,,,,Starting Price: ,,
2023-06-18,0000 and 000 Steel Wool,3,,,,,,Starting Price: ,,
2023-06-29,Misc Machinist Junk from cleaning out bedroom storage,0,19.5,19.5,2023-07-07,295-A-1,56\,\,18\,13\,13,295\,Starting Price: ,,
2023-06-29,Good Machinist Metrology Junk from cleaning out bedroom storage,0,147.5,147.5,2023-08-11,297-A-1,21\,\,19\,12\,12,297\,Starting Price: ,,
2023-06-29,Good Machinist Tooling Junk from cleaning out bedroom storage ( Tool Holders\, Brown and Sharpe 750 C V Block),0,,,,306-A-1,41\,\,16\,12\,7,306\,Starting Price: ,,
2023-08-04,Lenox Hole Saw Kit with Case,25,,,,,,Starting Price: ,,
2023-08-04,Yuasa DMNC-5C01 W/ Controller UDNC-M1,1600,,,,,,Starting Price: ,,
2023-08-04,Wohlhaupter UPA5 NMBT-DT50 Boring Head (NOT CAT50),325,,,,303-A-1,78\,\,27\,22\,15,303\,Starting Price: \, Actual Weight: (76.5),,
2023-08-04,Lot 2 Eron 12x10x8 Angle Plates,110,302.52,192.52,,,,Starting Price: ,,
2023-08-04,A,,162.4,,2023-09-19,301-A-1,90\,\,21\,14\,14,301\,Starting Price: NOTE: RECORD SHIPPING PRICE\, Actual Weight: (85.2),,
2023-08-04,B,,140.12,,2023-10-17,302-A-1,90\,\,21\,14\,14,302\,Starting Price: NOTE: RECORD SHIPPING PRICE\, Actual Weight: (88.1),,
2023-08-04,Mitutoyo Digital Test Indicator W/ Mitutoyo 519-130 MU Checker,120,,,,,,Starting Price: ,,
2023-08-04,DoALL Transfer Gage Comparator,10,,,,305-A-1,35\,\,21\,21\,17,305\,Starting Price: \, Actual Weight: (33.3),,
2023-08-04,Federal Transfer Gage Comparator,25,,,,304-A-1,56\,\,21\,21\,17,304\,Starting Price: \, Actual Weight: (54.0),,
2023-08-04,6-Piece Tapered Plug Gage Set with Case,40,,,,,,Starting Price: ,,
2023-08-04,Lot - Miscellaneous Inspection with (2) Cases,95,,,,,,Starting Price: ,,
2023-08-04,Hermann Schmitt Angle Plate Case (EMPTY),,,,,,,Starting Price: ,,
2023-08-04,Guide Pillar Fixture?,,,,,,,Starting Price: ,,
2023-08-04,Lot,210,,,,,,Starting Price: ,,
2023-08-04,Gage Balls,,,,,,,Starting Price: ,,
2023-08-04,Mitutoyo Bore Gage Shrouds (Goes around indicator),,,,,,,Starting Price: ,,
2023-08-04,DoAll 6\" Optical Flat 1147 Accuracy:0.000002\",,,,,,,Starting Price: ,,
2023-08-04,Van Kuren Optical Flat,,,,,,,Starting Price: ,,
2023-08-20,Lot ,2.5,,,,,,Starting Price: ,,
2023-08-20,Starrett Square With Head,2.5,,,,,,Starting Price: ,,
2023-08-20,Stanley Battery Jump Starter,33,,,,,,Starting Price: ,,
2023-08-20,NOS Sargent 51 Plane,25,,,,,,Starting Price: ,,
2023-08-20,Chain,5,,,,,,Starting Price: ,,
2023-08-20,Smoke Machine,10,,,,,,Starting Price: ,,
2023-08-27,Black and Decker Random Orbital Polisher,20,,,,,,Starting Price: ,,
2023-08-27,2.5Gal Blitz Metal Gas Tank,7,,,,,,Starting Price: ,,
2023-08-27,Timing Light,3,,,,,,Starting Price: ,,
2023-08-27,Snap On Compression Tester Set,94.6,,,,,,Starting Price: ,,
2023-12-13,ASSORTED TORRINGTON BEARINGS,20,,,,,,Starting Price: \,Heath - Dimex,,
2023-12-13,HARIG 5C POWERED SPIN FIXTURE,550,,,,308-A-1,27\,8\,17\,14\,11,308\,Starting Price: \, Actual Weight: (27.3lbs),,
2023-12-13,SUBURBAN 6\" X 6\" MAGNETIC SINE TABLE,225,,,,307-A-1,37\,\,16\,14\,10,307\,Starting Price: \, Actual Weight: (36.2),,
2023-12-13,(2) RIGHT ANGLE PLATES 8\" X 5\" X 12\",80,,,,,,Starting Price: ,,
2023-12-13,Suburban Right Angle Plate 8x5x12 (A),,,,,309-A-1,51\,\,17\,14\,12,309\,Starting Price: \, Actual Weight: (49.1lbs),,
2023-12-13,Suburban Right Angle Plate 8x5x12 (B),,,,,310-A-1,51\,\,17\,14\,12,310\,Starting Price: \, Actual Weight: (47.0lbs),,
2023-12-13,18%,157.5,,,,,,Starting Price: ,,
2023-12-13,Tax,103.25,,,,,,Starting Price: ,,
