Date,Tool,Cost Bought,Sold Val,Profit Made,Sold Date,Shipping Info,Notes,Starting Price,HighestShip Num:,310,,,,,,
(BLANK),,,,,,,,,,,,,,,,
,Lincoln Buzzbox,125?,100,-25,,,,,,,,,,,,
,Reed Vise,50,,,,,,,,,,,,,,
,Hitachi Nail Gun,25,68,43,1/30/21,11,,75,,,,,,,,
,Shaper Blades,,,,,10,"Came w/ 6"" Metal Lathe",.99A,,,,,,,,
,Planer Blades - Helical,,85,85,2/17/21,12,,100,,,,,,,,
,Planer Blades - Straight,,95,95,5/2/21,13,,100,Shipping 60,,,,,,,
,Craftsman Wood Lathe,150,150,0,,,,,,,,,,,,
,"Craftsman 6"" Metal Lathe",225,560,335,,,,,,,,,,,,
,"Extra 6"" Craftsman Lathe Gears Qty:6 + 1 Spacer",,60,-125,2/4/21,34,"Rest of gear sold with 6"" Craftsman lathe",65,,,,,,,,
,Shopsmith Shaper Parts/Blades,,,,,33,,150,,,,,,,,
,1/4 hp. Motor,40,46,6,3/14/21,56,,80,,,,,,,,
,"Craftsman 10"" Metal Lathe",500,1000,500,,,,,,,,,,,,
,Craftsman Drill Press,15,,,,,Estate Sale in Des Plaines,,,,,,,,,
,Logan Lathe,800,,,,,Ron's,,,,,,,,,
,Clausing Mill,900,,,,,Ron's,,,,,,,,,
,Mastercraft 700R,,218,218,2/20/23,250,"Ron's, came with mill","34lbs, 17x12x11",,,,,,,,
,Stanley Bench Grinder,50,,,,,Ron's,,,,,,,,,
,Lot 2 Stanley Planes,30,,,,,,,,,,,,,,
,Stanley SH No. 4,,,,,,,,,,,,,,,
,Stanley No. 3,,15.5,,5/27/21,62,,,,,,,,,,
,Misc Tool Lots,40,117.75,77.75,,,,,,,,,,,,
,Box of Endmills,,,,,,,,,,,,,,,
,Box of Reamers,,,,,,,,,,,,,,,
,Gage Pin Set (Unmarked),,4.25,,2/6/21,15,,.99A,,,,,,,,
,Starrett Weber Gage Block Set (Few pieces + box),,113.5,,2/6/21,52,,.99A,,,,,,,,
,Mitutoyo Mic Set (0-6 in box W/ standards),150,,,,,From Wire Place on Elston,,,,,,,,,
,"Mitutoyo 7-8"" Mic",20,,,,2,,150,,,,,,,,
,"Mitutoyo 10-11"" Mic",20,,,,3,,150,,,,,,,,
,"Mitutoyo 12"" Dial Caliper",50,,,,,For Personal Use,,,,,,,,,
,"Mitutoyo 12"" Dial Caliper W/ Case",20,95,75,2/13/21,1,,110,,,,,,,,
,Indicating Mic,20,,,,,,,,,,,,,,
,"Fowler 1"" Indicating Mic",20,,,,,,,,,,,,,,
,"Craftsman 12"" Bandsaw",23,160,127,8/2/20,,Met Rudy at Estate sale!,,,,,,,,,
,"Craftsman 4"" Jointer",21,50,29,10/9/20,,"Sold to Sam, teacher",,,,,,,,,
,Canon AF35,10,,,,17,,100,,,,,,,,
8/3/20,"Snap-On 3/8"" Drive Set",150,(Gift) 0,,,,"Present for Jerome, from John Aple's Father (John), his pawn shop in Des Plaines, Alexander Pawn",,,,,,,,,
8/14,"Sargent 12"" Wing Dividers",1,,,,,,,,,,,,,,
8/15,Craftsman #4 Bench Plane,20,,,,4,Garage Sale - Margret,.99A,,,,,,,,
,Stanley 5 1/4 Bench Plane,20,70,50,1/31/21,5,,75,,,,,,,,
8/28,Morgan Vise - 150,80,,,,,"Jan, owner from ""Above & Beyone"", talked down from 150",,,,,,,,,
 ,"Misc tools (D-bits, allen keys)",20,,,,,,,,,,,,,,
9/5,Brass (40.0LBS),30,,,,,Ron's,,,,,,,,,
,"From Ron's Estate, All 1 purchace",200,,,,,Ron's,,,,,,,,,
,MHC Percision Paralell Set,,,,,,P789,,,,,,,,,
,Slitting Saws (41),,,,,,,,,,,,,,,
,Enco Mag Base,,,,,,"Model  300, just base part and small arm",,,,,,,,,
,"Ken-Oil O1 1/2""x5/8""x18""",,,,,,,,,,,,,,,
,Montgomery Transfer Punch Set,,,,,,,,,,,,,,,
,Bunting 1.5Lb Brass Hammer,,,,,,,,,,,,,,,
,Plumb 8oz Ball Peen Hammer,,,,,,,,,,,,,,,
,Millers Falls No. 37 Block Plane,,,,,,Original Box,,,,,,,,,
,"Starrett 39-8 Lock  8"" Caliper",,,,,,,,,,,,,,,
,"Starrett Inside Caliper 4""",,,,,,,,,,,,,,,
,"Starrett Outside Caliper 3""",,,,,,,,,,,,,,,
,Starrett Automatic Center Punch 18-AA,,,,,,,,,,,,,,,
,Starrett Speed Indicator,,,,,,,,,,,,,,,
,Standard Circular Sheet Metal Gauge,,,,,,,,,,,,,,,
,Blodgett Twist Drill / Steel Wire Gauge,,,,,,,,,,,,,,,
,Brown and Sharpe Magnetic Surface Gauge 7743 ,,,,,,,,,,,,,,,
,Unmarked Magnetic Base,,,,,,,,,,,,,,,
,Brown and Sharpe Small Surface Gague 620B,,,,,,No Arm,,,,,,,,,
,Unmarked Surface Gague,,,,,,No Arm,,,,,,,,,
,MHC Indicator Pointer Set,,,,,,,,,,,,,,,
,Starrett Drive Pin Punch Set S565WB,,,,,,,,,,,,,,,
,Starrett V-Block Set 271,,,,,,,,,,,,,,,
,"Unmarked V-Block 3.25""",,,,,,,,,,,,,,,
,E Davis 30-60-90 Angle Plate,,,,,,,,,,,,,,,
,E Davis 45-45-90 Angle Plate,,,,,,,,,,,,,,,
,C Chandler 90 Angle Plate,,,,,,,,,,,,,,,
,Drill Bit Index 1/16-1/2,,,,,,,,,,,,,,,
,Drill Bit Index A-Z,,,,,,,,,,,,,,,
,Drill Bit Index 1-60,,,,,,,,,,,,,,,
,Drill Bit Index 1-60,,,,,,,,,,,,,,,
,"Brown and Sharpe Square 2.5"" 554",,,,,,GET DIAG PIECE,,,,,,,,,
,Brown and Sharpe Square (540?),,,,,,,,,,,,,,,
,Lynn Machinists Square,,,,,,,,,,,,,,,
,Craftsman Progractor 9-4029,,,,,,W/ Sleeve,,,,,,,,,
,Micro-Mark Toolmaker's Bench Block,,,,,,,,,,,,,,,
,6 Misc. File,,,,,,,,,,,,,,,
,2 Deburrer/Burnisher?,,,,,,,,,,,,,,,
,2 Misc. Charts,,,,,,,,,,,,,,,
,Asstd Set Screws,,,,,,,,,,,,,,,
,Eclipse Dovetial Saw 45,,,,,,,,,,,,,,,
,Disston Dovetial Saw 68,,,,,,,,,,,,,,,
,Brown and Sharpe Feeler Gauge Set 647,,,,,,,,,,,,,,,
,HSS Blanks ~18Lbs,,,,,,,,,,,,,,,
,Stanley 136,,,,,,,,,,,,,,,
,Letter Punch Set,,,,,,,,,,,,,,,
,Edge Finder ,,,,,,,,,,,,,,,
,2 Starret Jacks Only 191A,,,,,,,,,,,,,,,
,2 General Machinist's Jacks W/   Box No. 7,,,,,,,,,,,,,,,
,2 General Machinist's Jacks W/O Box No. 7,,,,,,,,,,,,,,,
,Unmarked Machinist's Jack,,,,,,,,,,,,,,,
,Chaparral 1/16-3/8 Chuck Model C-38-3-1,,,,,,3/8-24 Thread,,,,,,,,,
,Supreme 0-1/4 Chuck 1T,,,,,,,,,,,,,,,
,Unmarked 1/16-3/8 Drill Chuck,,,,,,3/8-24 Thread,,,,,,,,,
,"PYH 1/2"" Keyless Chuck",,,,,,,,,,,,,,,
,Starrett Center Finder Complete S-828H,,,,,,,,,,,,,,,
,Craftsman Tap Wrench,,,,,,,,,,,,,,,
,2 Starrett Protractor? No 12 (490?),,,,,,,,,,,,,,,
,6 Brown and Sharpe #7 Collets,,,,,,,,,,,,,,,
,7 Brown and Sharpe 00 Collets,,,,,,,,,,,,,,,
,5 MT2 Collets,,,,,,,,,,,,,,,
,Desmond Wheel Dresser No 0,,,,,,,,,,,,,,,
,Cal-Van Metric and SAE Hex Wench Sets,,,,,,,,,,,,,,,
,"Buck Bros 1/4"" Chisel",,,,,,,,,,,,,,,
,"Buck Bros 1/2"" Chisel",,,,,,,,,,,,,,,
,"Buck Bros 1/2"" Chisel",,,,,,,,,,,,,,,
,"Buck Bros 3/4"" Chisel",,,,,,,,,,,,,,,
,"Buck Bros  1 1/4"" Chisel",,,,,,,,,,,,,,,
,"Stanley SH 1/8"" Chisel",,,,,,,,,,,,,,,
,"Stanley SH 1/4"" Chisel",,,,,,,,,,,,,,,
,"Federal Dial Indicator .0005"" J6K",,,,,,,,,,,,,,,
,"Federal Dial Indicator .0005"" C5M",,,,,,,,,,,,,,,
,"Federal Dial Indicator .001""  CD1",,,,,,,,,,,,,,,
,"Lathe Dog 1 1/2""",,,,,,,,,,,,,,,
,"Lathe Dog 1 1/2""",,,,,,,,,,,,,,,
,3 D-Bit 17/32,,,,,,MT2,,,,,,,,,
,2 D-Bit 9/16,,,,,,MT2,,,,,,,,,
,D-Bit 9/16,,,,,,Straight Shank,,,,,,,,,
,D-Bit 21/32,,,,,,Straight Shank,,,,,,,,,
,D-Bit 5/8,,,,,,Straight Shank,,,,,,,,,
,2 D-Bit 5/8,,,,,,MT2,,,,,,,,,
,D-Bit 11/16,,,,,,To Uncle John,,,,,,,,,
,D-Bit 13/16,,,,,,,,,,,,,,,
,D-Bit 15/16,,,,,,,,,,,,,,,
,2 D-Bit 1,,,,,,,,,,,,,,,
,D-Bit 1 1/8,,,,,,,,,,,,,,,
,D-Bit 1 3/16,,,,,,,,,,,,,,,
,D-Bit 1 1/4,,,,,,,,,,,,,,,
,Spanner Wrench,,,,,,,,,,,,,,,
,Stanley Hand Drill 617,,,,,,,,,,,,,,,
,Stanley Spokeshave 151,,,,,,Made in England,,,,,,,,,
,Brown and Sharpe Mic 599-1,,,,,,Original Case and Box,,,,,,,,,
,Lufkin Mic 1641,,,,,,,,,,,,,,,
,Spyderco Stones,,,,,,W/ Leather Case,,,,,,,,,
,4 Starrett Telescoping Bore Gauges,,,,,,,,,,,,,,,
,6 Lufkin Telescoping Bore Gauges,,,,,,,,,,,,,,,
,Starrett Bore Gauge Set of 3 829-D,,,,,,,,,,,,,,,
,Companion Round Edge Slip Stone 6829,,,,,,,,,,,,,,,
,Asstd. Norton India Stones,,,,,,,,,,,,,,,
,3 Sided Arkansas Stone Sharpening Block,,,,,,,,,,,,,,,
,Starrett 711?,,,,,,,,,,,,,,,
,Starrett Last Word (Older),,,,,,,,,,,,,,,
,Starrett Last Word (Newer),,,,,,,,,,,,,,,
,Lufkin Depth Mic 513,,,,,,,,,,,,,,,
,"Starrett 4"" Level",,,,,,,,,,,,,,,
,Starrett Adj. Parallels 154-D,,,,,,,,,,,,,,,
9/16,Dayton 8 Ton Bottle Jack,4,,,,,,,,,,,,,,
,Lot 2 Stanley Planes,15,145.5,130.5,,,,,,,,,,,,
,Stanley SH 192,,13,,5/26/21,61,,,,,,,,,,
,"Stanley 148 (146 3/8""?)",,132.5,,3/11/21,107,"3lbs,11x7x3",,,,,,,,,
9/20,Snap On 1948 3/8 Speed Wrench,,,,,,,,,,,,,,,
10/15,Arbor Press No 2,50,,,,,"Lako Engineering, Louie",,,,,,,,,
,Spin Indexer,50,45,-5,2/2/21,53,,50,,,,,,,,
,T-Slot Hold-down Clamps,40,,,,,,,,,,,,,,
,B Surface Plate,50,,,,,,,,,,,,,,
,"Mitutoyo 12"" Height Gauge",50,,,,,,,,,,,,,,
,"Detroit test indicator .0005""",40,,,,,,,,,,,,,,
10/23,Test Indicator Hardware,25,,,,,,,,,,,,,,
,1 7/8 Williams Socket,10,,,,,,,,,,,,,,
,Oiler,5,,,,,,,,,,,,,,
,"45 45 90, & 30 60 90 blocks",10,,,,,,,,,,,,,,
,Misc. angle blocks,20,,,,,,,,,,,,,,
11/2,(All 1 purchace),30,,,,,"F H Ayer Mfg. Chicago Heights, Bill on-site boss",,,,,,,,,
,3/4 18N Jacobs Super Chuck W/ MT4 + MT4-5 shank,,,,,,,,,,,,,,,
,Albrecht Chuck W/ MT5 Taper,,,,,,,,,,,,,,,
,Endmill holder? W/ MT5 Shank,,,,,,,,,,,,,,,
,Shako Live Center Set,,,,,,,,,,,,,,,
,(All 1 purchase) Asstd taps (all prices are for all comb.),80,429.18,349.18,,,,,,,,,,,,
,"3"" NPT",,69.69,,2/11/21,35,,80,,,,,,,,
,"2.5"" NPTF",,65,,2/15/21,36,,75,,,,,,,,
,"2"" NPT (Card)",,65,,2/15/21,37,,65,,,,,,,,
,"2"" NPT",,30,,2/28/21,38,,65,,,,,,,,
,"1 1/2"" NPT 5 Flute",,20,,3/3/21,40,,35,,,,,,,,
,"1 1/2"" NPT 7 Flute",,23,,2/8/21,39,,40,,,,,,,,
,"1"" NPT",,,,,,,,,,,,,,,
,"(3) 3/4"" NPT",,,,,,,,,,,,,,,
,"1/2"" NPT",,,,,,,,,,,,,,,
,3/8 NPT,,,,,,,,,,,,,,,
,1/4 NPT,,,,,,,,,,,,,,,
,"3 Pipe taps (1"", 3/4"", 3/4"" TiN)",,12.5,,4/28/21,18,,45,,,,,,,,
,"2 11/16"" - 12",,,,,41,,50,Part of Shipping Info 127,,,,,,,
,"2"" - 12",,25,,4/1/21,42,,60,,,,,,,,
,"1 3/4"" - 5 (B) LH",,20,,7/2/21,31,LH Thread,40,,,,,,,,
,"1 3/4"" - 5 (A)",,,,,32,,35,Part of Shipping Info 127,,,,,,,
,"1 5/8"" - 5 1/2",,,,,29,,30,Part of Shipping Info 127,,,,,,,
,1 5/8 - 5,,25,,3/31/22,30,"OD: 1.630""",35,,,,,,,,
,1 1/2 - 6 (A),,10,,6/2/21,28,,15,,,,,,,,
,1 1/2 - 6 (B),,8,,4/10/21,27,,15,,,,,,,,
,1 1/2 - 6 (C),,5,,3/30/21,26,,10,,,,,,,,
,1 1/2 - 6 (D),,15,,2/7/21,25,,15,,,,,,,,
,1 1/2 - 12,,12.5,,2/7/21,24,,25,,,,,,,,
,Lot of Taps and Die For Sale (Rest of taps and dies lot),,0.99,,,127,,,"14lbs, 10x9x5",,,,,,,
,Misc Dies (Same Purchase as Asstd taps),,,,,,,,,,,,,,,
,7/8 - 9 Die,,,,,23,,10,,,,,,,,
,1 1/2 - 6 Die (Chaser),,10,,3/29/21,22,,10,,,,,,,,
,1 1/2 - 12 Die (Chaser),,12.5,,2/7/21,21,,20,,,,,,,,
,1.767 - 12 Widell Die,,,,,20,,5A,Part of Shipping Info 127,,,,,,,
,1/4 E.C & B.C Square Pipe tap,,,,,19,,10,Part of Shipping Info 127,,,,,,,
,Maple Workbench Top,10,,,,,,,,,,,,,,
11/4,Asstd S&D Drill bits 17- 27/32 - 1 1/2,45,55,10,2/15/21,55,,60,,,,,,,,
,27/32,,,,,,,,,,,,,,,
,7/8,,,,,,,,,,,,,,,
,57/64,,,,,,,,,,,,,,,
,29/32,,,,,,,,,,,,,,,
,59/64,,,,,,,,,,,,,,,
,15/16,,,,,,,,,,,,,,,
,61/64,,,,,,,,,,,,,,,
,31/32,,,,,,,,,,,,,,,
,63/64,,,,,,,,,,,,,,,
,1 1/16,,,,,,,,,,,,,,,
,(2) 1 1/8,,,,,,,,,,,,,,,
,1 3/16,,,,,,,,,,,,,,,
,3 1 1/4,,,,,,,,,,,,,,,
,2 1 5/16,,,,,,,,,,,,,,,
,3 1 3/8,,,,,,,,,,,,,,,
,2 1 7/16,,,,,,,,,,,,,,,
,1 1/2,,,,,,,,,,,,,,,
,Yuasa News Spin-Index Fixture,25,,,,,,,,,,,,,,
,Assorted Balas Collets,140,465,325,,,,,,,,,,,,
,(C3),,75,,2/12/21,7,,150,,,,,,,,
,(C4),,25,,4/17/21,9,,75,,,,,,,,
,(C8 Nominal),,255,,3/29/21,6,,500,,,,,,,,
,(C8 Pipe),,110,,7/12/21,14,,170,,,,,,,,
,Cat Retnetion Knobs + Balas Spacers/Collars,,,,,60,,,,,,,,,,
,7 in. Dividing Head,120,,,,,,,,,,,,,,
,Scherr Tumico  Ultra-Flat 18 x 12 x 3 Surface Plate,80,,,,,,,,,,,,,,
,Starrett 24 in. Vernier Caliper,50,58,8,5/7/21,16,,125,Shipping - 25,,,,,,,
,Assorted Micrometers,110,,52.5,,,,,,,,,,,,
,"Mitutoyo Micrometer 1-2""",,15,,,43,,30,,,,,,,,
,"Mitutoyo Micrometer 2-3""",,18.5,,7/19/22,44,Priority Small,50,,,,,,,,
,"Brown and Sharpe Micrometer 2-3""",,10,,5/18/21,45,,15,,,,,,,,
,"Mitutoyo Micrometer 3-4""",,50,,1/31/21,46,,55,,,,,,,,
,"NSK Micrometer 4-5""",,20,,2/26/21,47,,20,,,,,,,,
,"Mitutoyo Micrometer 5-6""",,,,,48,,60,,,,,,,,
,"Brown and Sharpe Micrometer 6-7""",,25,,2/11/21,49,,25,,,,,,,,
,"Starrett Micrometer 9-12""",,16,,,50,,25,,,,,,,,
,Davis Adjustable Micrometer,,8,,4/18/21,51,,30,,,,,,,,
,Lot: (2) IBM Correcting Selectric 3 Typewriters,30,,27,,,,,,,,,,,,
,IBM Selectric 3 A,,0,,5/26/21,65,,,,,,,,,,
,IBM Selectric 3 B,,57,,,66,,,,,,,,,,
,18% Buyer's Premium,108,,-108,,,,,,,,,,,,
,Kennedy Tool Chest,30,78,48,3/27/21,54,From Ron at a later estate sale,100,,,,,,,,
1/7/21,Miller CST 280,650,,,,,Bought from Mike in Joliet who works at Imperial Construction,,,,,,,,,
,Packing Materials,35,,,,,,,,,,,,,,
2/4/21,3 Indicators,80,,-47,,,,,,,,,,,,
,Hamilton .00005 Test Indicator,,,,,,,,,,,,,,,
,Starrett 643 Indicator,,33,,8/3/21,59,,,,,,,,,,
,Last Word 711-C,,,,,,,#REF!,,,,,,,,
,Endmill Lot,35,,,,,,,,,,,,,,
,Auction Buyer's Premium,20,,,,,,,,,,,,,,
2/6/21,"Mitutoyo Micrometer 0-1"" 103-135 ",24,,,,,"Bought to replace 0-1 Mit mic in 0-6"" set (This one is correct color)",,,,,,,,,
3/2/21,Adler Electric Typewriter,5,0,-5,,67,,,,,,,,,,
3/10/21,Lot 2 tools,40,,-38.75,,,"Contour Band Saw, from Kurt Plechaty",,,,,,,,,
,"24"" Scherr Tumico Vernier Calipers",,1.25,,5/26/21,68,,,,,,,,,,
,"8"" Dial Calipers",,,,,,,,,,,,,,,
3/16/21,"B&S BesTest .00005"" Indicator 7033-3",60,,,,,,,,,,,,,,
3/17/21,"Mitutoyo 40"" Vernier Caliper W/ Case",100,282,182,1/27/22,104,From Jerry in Sugar Grove,,,,,,,,,
,Mitutoyo 18-24 Mic Complete W/ Case,200,550,350,11/21/21,89,,,,,,,,,,
3/23/21,Shipping Materials,45,,,,,,,,,,,,,,
,"Mitutoyo Micrometers (6-7, 8-9, 9-10, 10-11, 11-12)",132,172.5,40.5,6/29/23,293,"17lbs, 18x14x11",,,,,,,,,
4/15/21,"Clausing 15"" Drill Press",125,900,775,,,,,,,,,,,,
4/21/21,Starrett Inside Micrometer 824 D,35,162,127,5/26/21,63,,,,,,,,,,
,Co-axial Indicator,50,,,,,,,,,,,,,,
,Auction Buyer's Premium,15,,-15,,,,,,,,,,,,
5/17/21,Misc Tools,Brake Even,0.99,0,5/26/21,64,,,,,,,,,,
,Unmarked Wrench,,,,,,,,,,,,,,,
,"Stanley 12"" Square",,,,,,,,,,,,,,,
,Milwaukee 2 3/4 Hole Saw + Arbor,,,,,,,,,,,,,,,
,General Protractor,,,,,,,,,,,,,,,
,Letter 'I' drill bit unopened,,,,,,,,,,,,,,,
5/29/21,,,,,,,"Downers Grove Estate Sale, owner was Ken",,,,,,,,,
,Taft Peirce No 192(G) Right Angle Plate,20,,,,,,,,,,,,,,
,Disston Saw,5,,,,,,,,,,,,,,
,4 Way Toolpost AXA,20,,,,,,,,,,,,,,
,,,,,,,,,,,,,,,,
,Lot 2,,,,,,,,,,,,,,,
,MT Drill Bits (~25),75,,,,,,,,,,,,,,
,Counter Bores,75,,,,,,,,,,,,,,
,Router Bit Set,25,,,,,,,,,,,,,,
,,,,,,,,,,,,,,,,
,,,,,,,,,,,,,,,,
,3 books,10,,,,,,,,,,,,,,
,7th Ed. American Machinists Handbook,20,,,,,,,,,,,,,,
,Lot 3,25,,,,,,,,,,,,,,
,MT2 male to MT3 female,,,,,,,,,,,,,,,
,Morse Taper Wedges,,,,,,,,,,,,,,,
,Lot 4,10,,,,,,,,,,,,,,
,2 Diamond,,,,,,,,,,,,,,,
,Roughing Shell endmill,,,,,,,,,,,,,,,
,Tap Magic,,,,,,,,,,,,,,,
,DoAll Bluing Liquid,,,,,,,,,,,,,,,
6/3/21,Metro tech Model 810 A,125,400,275,,82,Heath Industrial: Machinery Exchange 8,400,,,,,,,,
,Metro tech Model 810 B,125,350,225,,83,,400,,,,,,,,
,Metro tech Model 810 C,125,350,225,,84,,400,,,,,,,,
,2 Cutting Torch Head,5,,,,,,,,,,,,,,
,Reliance Electric Maxpak Plus A,15,,,,85,In Storage,,,,,,,,,
,Reliance Electric Maxpak Plus B,15,,,,86,In Storage,,,,,,,,,
,Danfoss Type 3002 Variable Speed Drive A,25,0.01,-24.99,2/10/23,80,,,,,,,,,,
,Danfoss Type 3002 Variable Speed Drive B,35,1,-34,2/10/23,81,,,,,,,,,,
,B&S No. 2 Dividing Head W/ Tailstock,175,,,,,,,,,,,,,,
,19 Gas Valves,15,15,0,,,,,,,,,,,,
,A,,,,,,,,,,,,,,,
,B,,,,,72,,,,,,,,,,
,C White Rodgers 36E93 301,,15,,8/10/21,73,,,,,,,,,,
,D,,,,,74,,,,,,,,,,
,E W/R 36E94 301,,,,,69,,,,,,,,,,
,F W/R 36E94 301,,,,,70,,,,,,,,,,
,G W/R 36E94 301,,,,,71,,,,,,,,,,
,H W/R 36E98 203,,,,,75,,,,,,,,,,
,I W/R 36E98 201,,,,,76,,,,,,,,,,
,J W/R 36E98 203,,,,,77,,,,,,,,,,
,K,,,,,,,,,,,,,,,
,L,,,,,,,,,,,,,,,
,M,,,,,,,,,,,,,,,
,N Honeywell VR800A 1608,,,,,78,,,,,,,,,,
,O,,,,,,,,,,,,,,,
,P,,,,,,,,,,,,,,,
,Q,,,,,,,,,,,,,,,
,R,,,,,,,,,,,,,,,
,S,,,,,,,,,,,,,,,
,Auct Premium,118.8,,,,,,,,,,,,,,
,Tax,77.88,,,,,,,,,,,,,,
6/10/21,Batteries for MeteroTech 810's,60,0,-60,,,,,,,,,,,,
6/11/21,Lot Astd U-Joints Wheel Bearings and Seals,150,,,,,,,,,,,,,,
,Box Astd Pulleys,,0,,9/30/22,148,"34lbs, 17x11x10",Did not sell thrown out,,,,,,,,
,Box Springs,,,,,,,,,,,,,,,
,Starrett 196A1Z In Case and Box,30,90,60,8/9/21,79,,100,,,,,,,,
,18% Buyer's Premium,32.4,,,,,,,,,,,,,,
,Tax,16.99,,,,,,,,,,,,,,
6/16/21,Bearing lot,60,1658.061,1598.061,,,"Heath, Chicago Heights Sure Industrial Truck Side Mirror Manufacturer",,,,Ttl Expected:1872.79 sum(qty*(price-ship)),,,,,
,MRC 5200 SBKFF H503,,38.76,,,236-A,"5oz, 6x4x2",Init Qty: 5,,,,,,,,
,MRC 5201 SBKFF H301 ,,15.81,,,236-B,"5oz, 6x4x2",2,,,,,,,,
,MRC 5202 SBKFF H502,,20.81,,,236-C,"6oz, 6x4x2",3,,,,,,,,
,MRC 5203 SBKFF H502,,87.16,,,236-D,"7oz, 6x4x2",8,,,,,,,,
,MRC 5203 SBKFF H301,,28.03,,,236-E,"7oz, 6x4x2",3,,,,,,,,
,MRC 305MFF-0022,,0,,,236-F,"13oz, 6x8x3",1,,,,,,,,
,MRC 207 SFFC 0131,,0,,,236-G,"2lbs (1lb 5oz), 6x8x3",1,,,,,,,,
,MRC 5209M H501,,29.59,,,236-H,"3lb (2lb, 5oz), 6x7x8",2,,,,,,,,
,McGill CFH 1/2 (NO PLUG),,0,,,237-A,"4oz, 6x4x3",1,,,,,,,,
,McGill CFH 1/2 (1 PLUG),,0,,,237-B,"4oz, 6x4x3",1,,,,,,,,
,McGill CFH 11/16 S,,0,,,237-C,"4oz, 6x4x2",3,,,,,,,,
,McGill CYR 3/4,,15.41,,,237-D,"4oz, 6x4x2",3,,,,,,,,
,McGill CYR 1,,0,,,237-E,"6oz, 6x4x2",2,"(Middle one of 3 thrown out), E-1 thrown out?",,,,,,,
,McGill CF 1 1/8,,28.25,,,237-F,"8oz, 6x8x3",4,2 Packing Pics,,,,,,,
,McGill CF 1 1/4 B,,8.36,,,237-G,"10oz, 6x8x4",1,,,,,,,,
,McGill CYR 1 1/4,,29.39,,,237-H,"8oz, 6x8x4",4,,,,,,,,
,McGill CCFH 1 3/8 SB (1 PLUG),,13.52,,,237-I,"11oz, 6x8x3",1,,,,,,,,
,McGill CCFH 1 3/8 SB (NO PLUG),,0,,,237-J,"12oz, 6x8x3",1,,,,,,,,
,McGill CF 1 1/2,,14.15,,,237-K,"14oz, 6x8x4",1,,,,,,,,
,McGill CYR 1 3/4 S,,74.61,,,237-L,"15oz, 6x8x4",7,,,,,,,,
,McGill CF 1 7/8,,0,,,237-M,"2lb (1lb, 3oz), 6x8x4",2,,,,,,,,
,McGill CF 2,,30.41,,,237-N,"2lb (1lb, 12oz), 10x13x5",2,,,,,,,,
,McGill MI 8 N,,0,,,237-O,"4oz, 6x4x3",4,,,,,,,,
,McGill MB 25 3/4 * (NO  OD Nib),,0,,,237-P,"10oz, 6x8x4",1,,,,,,,,
,McGill MB 25 3/4 * (OD Nib),,0,,,237-Q,"11oz, 6x8x4",1,,,,,,,,
,McGill MR 24,,4.24,,,237-R,"12oz, 6x8x4",1,,,,,,,,
,McGill CF 3/4 10 Pieces,,0,,,237-S,"1lb 15oz, 9x7x6",1,,,,,,,,
,McGill CF 3/4 4 Pieces,,0,,,237-T,"1lb 3oz, 9x7x6",1,,,,,,,,
,McGill CF 7/8 6 Pieces,,0,,,237-U,1lb 11oz 9x7x6,1,,,,,,,,
,Timken 1985,,21.05,,,248-A,"11oz, 6x8x3",1,,,,,,,,
,Timken 05185 CUP,,0,,,248-B,"8oz, 6x8x3",1,,,,,,,,
,Timken 07000LA 902A1,,12.39,,,248-C,"9oz, 6x8x3",1,,,,,,,,
,Timken 07100,,25.965,,,248-D,"8oz, 6x8x3",7,,,,,,,,
,Timken 07196,,13.41,,,248-E,"11oz, 6x8x3",2,,,,,,,,
,Timken LM12710,,0,,,248-F,"7oz, 6x8x3",2,,,,,,,,
,Timken LM12749,,9.7,,,248-G,"8oz, 6x8x3",2,,,,,,,,
,Timken 17520,,8.25,,,248-H,"7oz, 6x8x3",4,,,,,,,,
,Timken 17580,,53.66,,,248-I,"8oz, 6x8x3",3,,,,,,,,
,Timken Torrington IR-182220,,8.48,,,248-J,"8oz, 6x8x3",2,,,,,,,,
,Timken 332A,,33.4,,,248-K,"13oz, 10x13x3",2,,,,,,,,
,Timken 344,,0,,,248-L,"2lbs (1lb, 1oz) 10x13x3",2,,,,,,,,
,Timken 363,,36.8,,,248-M,"14oz, 10x13x3",2,,,,,,,,
,Timken 365,,34.18,,,248-N,"2lb (1lb, 2oz), 10x13x3",2,,,,,,,,
,Timken 23256 CUP,,0,,,248-O,,1,,,,,,,,
,Timken 52400 52618 CUP and CONE,,36.61,,,248-P,"7lbs, 9x9x5",1,,,,,,,,
,"Timken 34300 CONE 34478 CUP 69845 ITEM 1, Grade 3",,24.78,,,248-Q,"4lbs, 12x8x4",1,,,,,,,,
,Timken 52618 52400,,-26.08,,,248-R,"7lbs, 10x10x5",1,,,,,,,,
,Timken HM212049,,-4.025,,,248-S,"4lbs, 11x9x4",1,,,,,,,,
,Timken HM212011,,21.5,,,248-T,"3lbs, 11x9x4",2,,,,,,,,
,Timken HM218210,,9.23,,,248-U,"3lbs, 11x9x4",2,,,,,,,,
,SKF 39520,,2.97,,,251-A,"2lbs, 11x9x4",1,,,,,,,,
,SKF 756A BF-25,,0,,,251-B,"9lbs, 16x12x7",2,,,,,,,,
,SKF N4078,,0,,,251-C,2lbs (1lb 8oz) 10x13x4,1,,,,,,,,
,SKF 39590,,1.67,,,251-D,3lbs (2lb 5oz) 10x13x5,1,,,,,,,,
,SKF HM212047 BF-25,,0,,,251-E,"5lbs, (4lb, 2oz) 12x8x4 ",2,,,,,,,,
,SKF 47620 BF-25,,3.82,,,251-F,"3lbs (2lbs, 7oz) 12x8x4",1,,,,,,,,
,SKF 752 BF-25 *** NO PICS,,0,,,251-G,"6lbs, 16x12x7",1,,,,,,,,
,SKF 6200 2ZJEM,,-8.4,,,251-H,"4oz, 5x8x2",2,,,,,,,,
,SKF 6005 2ZJEM,,21.77,,,251-I,"7oz, 6x10x3",6,,,,,,,,
,SKF 6203 2ZJEM (older RED packaging),,0.65,,,251-J,"6oz, 5x8x2",1,,,,,,,,
,SKF 6203 2ZJEM (newer BLUE packaging),,1.475,,,251-K,"6oz, 5x8x2",1,,,,,,,,
,SKF 6205 2RSJEM,,6.43,,,251-L,"9oz, 6x10x2",1,,,,,,,,
,SKF 6205 2RS1 C3 0E6,,5.71,,,251-M,"10oz, 6x10x3",1,,,,,,,,
,SKF 6205 2ZJEM,,3.085,,,251-N,"9oz, 6x10x3",1,,,,,,,,
,SKF 6206 2ZJEM,,59.4,,,251-O,"12oz, 6x10x3",7,,,,,,,,
,SKF 6207 2RSJEM (older RED packaging),,4.11,,,251-P,1lb (15oz) 6x10x3,2,,,,,,,,
,SKF 6207 2ZJEM,,21.5,,,251-Q,1lb 2oz 6x10x4,2,,,,,,,,
,****SKF 6207 RSJEM REVISIT!!!!***** (multiple different ones),,0,,,251-R,,4,,,,,,,,
,SKF 6304 JEM,,1.62,,,251-S,"10oz, 6x10x3",1,,,,,,,,
,SKF 6305 2ZJEM,,1.28,,,251-T,"13oz, 6x10x3",1,,,,,,,,
,SKF 6306 2ZJEM,,2.8,,,251-U,"1lb 3oz, 6x10x3",1,,,,,,,,
,SKF 6308 JEM,,3.01,,,251-V,"2lbs 12oz, 12x8x4",1,,,,,,,,
,SKF 6308 2ZJEM,,3.6,,,251-W,"2lb, 10oz, 12x8x4",1,,,,,,,,
,SKF 6210 JEM,,14.1,,,251-X,"2lbs 7oz, 12x8x4",2,,,,,,,,
,SKF 6012 2Z C3 HT51,,0,,,251-Y,"2lb 4oz, 12x8x4",2,,,,,,,,
,NSK 5202 JZZ,,0,,,252-A,"6oz, 6x10x3",4,,,,,,,,
,NSK 6201 ZZ C3,,0.65,,,252-B,"6oz, 6x10x3",1,,,,,,,,
,NSK 6202 VV C3,,5.7,,,252-C,"6oz, 6x10x3",1,,,,,,,,
,NSK 6202 ZZ C3,,10.67,,,252-D,"6oz, 6x10x3",3,,,,,,,,
,NSK 6203 625 VV C3,,16.68,,,252-E,"7oz, 6x10x3",4,,,,,,,,
,NSK 6908 DDU PA3AKCX,,7.73,,,252-F,"1lb 3oz, 10x13x5",2,,,,,,,,
,NSK 6305 ZZ C3,,10.36,,,252-G,"1lb 7oz, 8x8x6",2,,,,,,,,
,NSK 6306 ZZ C3,,5.35,,,252-H,"1lb 9oz, 8x8x6",1,,,,,,,,
,NSK 6207 VV C3,,0,,,252-I,"1lb 8oz, 8x8x6",1,,,,,,,,
,NSK 6208 VV C3,,3.65,,,252-J,"1lb 11oz, 8x8x6",1,,,,,,,,
,NSK 6009 ZZ CE,,3.28,,,252-K,"1lb 6oz, 8x8x5",1,,,,,,,,
,NSK 6211 VV C3,,4.5,,,252-L,"1lb 9oz, 10x8x7",1,,,,,,,,
,RBC HEIM RF102214PP,,80.96,,,253-A,"6oz, 6x10x3",9,,,,,,,,
,RBC IR7275,,0,,,253-B,"8oz, 6x10x3",1,,,,,,,,
,Consolidated CJ R-4-ZZ,,0,,,254-A,"3oz, 5x8x2",11,,,,,,,,
,Consolidated 61907-2RS,,14.41,,,254-B,"8oz, 6x10x3",3,,,,,,,,
,Torrington IR-182220,,0,,,255-A,"7oz, 6x10x3",1,,,,,,,,
,Torrington B-2220,,13.58,,,255-B,"8oz, 6x10x4",2,,,,,,,,
,General 77 R 8,,0.421,,,256-A,"4oz, 5x8x2",1,,,,,,,,
,****GET CONF PICS,,0,,,256-B,"2lb 4oz, 8x8x6",1,,,,,,,,
,FAG 6205 2ZR C3,,3.32,,,257-A,"10oz, 6x10x3",1,,,,,,,,
,FAG 6206 2ZR C3,,20.6,,,257-B,"13oz, 6x10x3",4,,,,,,,,
,Bower BCA A8 A-18,,0,,,258-A,1lb 5oz 8x8x6,2,,,,,,,,
,Aetna E 25,,7.15,,,259-A,"1lb 12oz, 8x8x6",1,,,,,,,,
,NDH Delco 5502,,4.85,,,260-A,"8oz, 6x10x3",1,,,,,,,,
,NDH Delco Z9507,,3.65,,,260-B,"1lb 6oz, 10x13x4",1,,,,,,,,
,NTN 6009 LLB C3 5C,,3.11,,,261-A,"1lb 4oz, 7x8x5",1,,,,,,,,
,NTN 6009 LLB 2AUI,,3.25,,,261-B,1lb 3oz 8x7x5,1,,,,,,,,
,NTN 6209 ZZ C3,,2.185,,,261-C,2lb 1oz 10x7x6,1,,,,,,,,
,"Seal Master Gold Line 2-24  2-1/4"" Bore",,84.4,,,262-A,"5lbs 2oz, 8x8x6",2,,,,,,,,
,Seal Master Gold Line ER-32,,132.79,,,262-B,4lb 4oz 8x8x6,4,,,,,,,,
,Seal Master Gold Line NP-12 3/4,,14.59,,,262-C,"2lb 10oz, 9x7x4",2,,,,,,,,
,Fafnir 1108KRR + Col Collar,,241.77,,,263-A,"2lb 8oz, 9x6x4",6,,,,,,,,
,Fafnir 205KDD,,27.09,,,263-B,"11oz, 6x10x3",6,,,,,,,,
,Fafnir 206P,,6.49,,,263-C,"1lb 3oz, 9x7x4",1,,,,,,,,
,****GET CONF PICS,,0,,,263-D,2lb 5oz 9x7x4,2,,,,,,,,
,Hyatt HM212011 CUP ***Get Pics,,0,,,,,,,,,,,,,
,Federal Mogul HM518410,,3.05,,,264-A,"2lb 8oz, 10x13x5",2,,,,,,,,
,Bower BCA 47620,,10.325,,,265-A,"2lb 4oz, 12x9x4",1,,,,,,,,
,Bower BCA HM516410,,3.1,,,265-B,"3lb 6oz, 14x11x6",1,,,,,,,,
,Bower BCA G5 213,,0,,,265-C,"3lb 8oz, 12x8x6",1,,,,,,,,
,,,,,,,,243,,,,,,,,
,,,,,,,,,,,,,,,,
,,,,,,,,,,,,,,,,
,,,,,,,,,,,,,,,,
,,,,,,,,,,,,,,,,
,,,,,,,,,,,,,,,,
,,,,,,,,,,,,,,,,
,,,,,,,,,,,,,,,,
,,,,,,,,,,,,,,,,
,,,,,,,,,,,,,,,,
,,,,,,,,,,,,,,,,
,,,,,,,,,,,,,,,,
,,,,,,,,,,,,,,,,
,,,,,,,,,,,,,,,,
,,,,,,,,,,,,,,,,
,,,,,,,,,,,,,,,,
,,,,,,,,,,,,,,,,
,,,,,,,,,,,,,,,,
,,,,,,,,,,,,,,,,
,,,,,,,,,,,,,,,,
,,,,,,,,,,,,,,,,
,,,,,,,,,,,,,,,,
,,,,,,,,,,,,,,,,
,,,,,,,,,,,,,,,,
,Lot,20,,,,,,,,,,,,,,
,Armstrong Knurling Tool,,,,,,,,,,,,,,,
,2 Lathe Insert Holders,,,,,,,,,,,,,,,
,Precision Bevel Protractor + Case Made In Japan,35,,,,,,,,,,,,,,
,18% Buyer's Premium,20.7,,-20.7,,,,,,,,,,,,
,Tax,13.57,,-13.5,,,,,,,,,,,,
7/17/21,"Clausing 15"" DP Head Plate Replacement",61,,-61,,,,,,,,,,,,
7/30/21,3 - 15-Drawer  Parts Cabinets W/ Contents,10,,,,,Came with small carbide endmills!,,,,,,,,,
,High Voltage Probe,10,,,,,,,,,,,,,,
,"Helios 42"" Vernier Caliper W/ Case",50,,,,,,,,,,,,,,
8/1/21,1 1/2 Ton Napa Jack,45,,,,,,,,,,,,,,
,Misc Oxy-Acet Tools,140,,,,,,,,,,,,,,
8/4/21,Lot Astd Taps and Dies,10,,,,,,,,,,,,,,
,Lot Astd Tooling (4 live centers) lot 84A Maynards,37.5,25,-12.5,,,,,,,,,,,,
,"Knee Handle, 15/16"" Square Drive",,25,,7/26/22,162,"5lbs, 15x8x6",,,,,,,,,
,,,,,,,,,,,,,,,,
,"10"" 3-Jaw Hydraulic Chuck - MMK",25,,,,234,"96lbs, 15x14x9 (94lbs)",,,,,,,,,
,"10"" 3-Jaw Hydraulic Chuck - Strong",25,,,,233,"80lbs, 15x14x9 (77lbs)",RELABELED FROM 232,,,,,,,,
,"Lot Astd Lathe Tool Holders (10 insert holders) lot 392 Maynards,",45,,,,,,,,,,,,,,
,Lot Astd Carbide Endmills,80,,,,,,,,,,,,,,
,Lot Astd Carbide Endmills,80,,,,,,,,,,,,,,
,Lot Astd Taps,40,,,,,,,,,,,,,,
,Lot,60,0,-60,,,,,,,,,,,,
,3 Large Starrett Squares,,,,,,,,,,,,,,,
,Tap Die Set,,,,,152,"5lbs, 13x10x6",,,,,,,,,
,18%,72.45,,-72.45,,,,,,,,,,,,
,Tax,47.5,,-47.5,,,,,,,,,,,,
8/15/21,"Stanley Rule and Level Plow Plane, Millers Patent",55,76,21,3/4/22,108,"6lbs,16x12x7",,,,,,,,,
8/26/21,Victor Oxy-Acetylene Kit,60,200,140,4/1/23,,,,,,,,,,,
8/29/21,Makita Angle Grinder XAG06,80,,,,,Present for Bini,,,,,,,,,
,Battery for Angle Grinder (18V 5ah),50,,,,,,,,,,,,,,
9/12/21,"81 Pc. Gage Block Set, Grade 0, Complete",100,56,-44,9/21/22,87,,0.99A,,,,,,,,
9/15/21,Shipping Boxes,77,,-77,,,,,,,,,,,,
9/24/21,Anvil,20,,,,,,,,,,,,,,
,Lot,10,,,,,,,,,,,,,,
,Thor right angle drill,,,,,,,,,,,,,,,
,Soldering Wire,,,,,,,,,,,,,,,
,"Starrett 2"" micrometer",,,,,,,,,,,,,,,
,Variac,,,,,,,,,,,,,,,
,Lot,5,,,,,,,,,,,,,,
,Screwdriver,,,,,,,,,,,,,,,
,Weiss shears,,,,,,,,,,,,,,,
,Headphones,5,,,,,,,,,,,,,,
,Lot,5,,,,,,,,,,,,,,
,Strap wrench,,,,,,,,,,,,,,,
,Another Weiss shear,,,,,,,,,,,,,,,
,Brush,0.5,,,,,,,,,,,,,,
,Snap On Torque Wrench,40,,,,,From Chris Offer Up,,,,,,,,,
9/25/21,"Canon Rebel 6T + chargers, tripod, lens, macro HD lens, case, orig. box",90,,,,,,,,,,,,,,
10/17/21,Starrett Protractor,5,,,,,,,,,,,,,,
10/30/21,6 Planes,25,4,-21,,,,,,,,,,,,
,Sandusky Wooden Plane,,4,,4/14/22,131,"9lbs, 25x9x6",,,,,,,,,
,,,,,,,,,,,,,,,,
,,,,,,,,,,,,,,,,
10/31/21,"Craftsman-USA 5/16-1"" Combination Wrench Set",25,,,,,,,,,,,,,,
,Craftsman-USA 5-17mm Combination Wrench Set,35,,,,,,,,,,,,,,
,Dunlap Vise #5244 W/ Swivel Base,30,,,,,,,,,,,,,,
,Wen 930 Wood Planer,5,,,,,,,,,,,,,,
11/8/21,"Gear Wrench Set (10,12,13,14,15,17,  5/16, 3/8, 7/16, 1/2,  9/16, 5/8, 11/16, 3/4)",30,,,,88,,,,,,,,,,
12/7/21,Bosch 1198 VSR Hammer Drill,15,,,,90,,,,,,,,,,
,Lot,45,160.99,115.99,,,,,,,,,,,,
,3 Large Williams Super Wrenches,,150,,1/14/22,99,Added 1 superwrench and 1 Blackhawk Wrench from 12/16/21 Lot as well,,,,,"23lbs, 27x6x4",,,,
,"2 - 12"" Bar clamps Pittsburgh and Bessy",,10,,1/28/22,91,3.5lbs,,,,,,,,,
,"Coes Wrench 15""",,0.99,,1/26/22,92,,,,,,,,,,
,Snap On Timing Light,20,,,,,,,,,,,,,,
,Astd HSS & Brazed Carbide Lathe Bits,20,,,,,,,,,,,,,,
,Dumore Tool Post Grinder,100,,,,,,,,,,,,,,
,Lot 20 Adj Reamers,30,12.49,-17.51,,,,,,,,,,,,
,(19) 1Big 10Med 8Sm Astd Adj Reamers,,0.99,,,98,"22lbs, 22x6x8",,,,,,,,,
,"6 Morse Brass expansion Reamers (13/16. 7/8, 15/16, 1, 1 3/8, 1 1/2 (Cleveland))",,11.5,,3/4/22,105,"15lbs,16x7x5",,,,,,,,,
,More Adj. Reamers,5,,,,,,,,,,,,,,
,Set Evans Adj Reamers,,,,,101,"16lbs, 22x5x4",,,,,,,,,
,11 Misc Reamers (W/ Green tip waxed one),,,,,109,"12lbs,16x8x7",,,,,,,,,
,Lot Dial Indicators,50,,,,,,,,,,,,,,
,Central Dial Indicator W/ interchangable tips W/ Box,,19,,,111,"2lbs, 9x5x4",,,,,,,,,
,,,,,,,,,,,,,,,,
,,,,,,,,,,,,,,,,
,18%,,,,,,,,,,,,,,,
,Tax,0,,,,,,,,,,,,,,
,,,,,,,,,,,,,,,,
12/8/21,Lot Astd Carbide Endmills (30.5 lbs),90,,,,,,,,,,,,,,
,18% Buyers Pemium,16.2,,,,,,,,,,,,,,
,Tax,0,,,,,,,,,,,,,,
12/16/21,"18"" Crescent Wrench China and BlkHawk 1 1/2"" Wrench",25,5,-20,1/15/22,95,6lbs 20x6x3,,,,,,,,,
,2 Tool Boxes (2-drawer Kennedy and Test Rite),45,,,,,,,,,,,,,,
,40 Drawer Small Parts Cabinet,5,,,,,,,,,,,,,,
,Lot Astd Wrenches,15,36.98,21.98,,,,,,,,,,,,
,KMart Socket Set,,0.99,,3/3/22,93,"6lb, 16x2x5",,,,,,,,,
,Armstrong Wrenches,,35,,1/12/22,100,"5lb, 20x5x3",,,,,,,,,
,Astd Tiwan Wrenches - Kmart,,0.99,,3/3/22,102,"6lbs, 14x4x2",,,,,,,,,
,Lot Astd Universal Wrenches,,0,,,103,3lbs 12x6x2,Thrown Out,,,,,,,,
,Lot Sockets and Rachets/Breakers,15,,,,,,,,,,,,,,
,"Armstrong Armaloy 1/2"" Socket Set",,,,,,,,,,,,,,,
,12 Pc. Misc Sockets,,,,,123,"8lbs, 16x7x5",,,,,,,,,
,7 Large Astd Hex Wrenches,5,,,,,,,,,,,,,,
,Lot,350,530,180,,,,,,,,,,,,
,Harig Grind All No. 1,,480,,1/18/22,94,"18lbs, 11x11x9",,,,,,,,,
,Starrett 568 V-Block + clamp,,50,,2/7/22,97,"5lbs, 7x6x9",,,,,,,,,
,Bridgeport No. 2 R8 Boring Head,80,130,50,1/11/22,96,"7lbs, 9x5x5",,,,,,,,,
,4 Drill Indexes,15,,,,,,,,,,,,,,
,18%,99.9,,,,,,,,,,,,,,
,Tax,52.39,,,,,,,,,,,,,,
12/17/21,"Shop-Vac 5 Gal, 5.5 Peak HP",20,,,,,,,,,,,,,,
,18%,3.6,,,,,,,,,,,,,,
,Tax,0,,,,,,,,,,,,,,
1/6/22,16 Rolls Packing Tape,23.02,,-23.02,,,,,,,,,,,,
1/13/22,Mitutoyo 0-6 Micrometer Set,150,,,,,,,,,,,,,,
,Mitutoyo 6-12 Micrometer Set,200,,,,,,,,,,,,,,
,Buyer's Premium,63,,,,,,,,,,,,,,
,Lot,54.7,20,-34.7,,,,,,,,,,,,
,Mitutoyo 3-4,,,,,,,,,,,,,,,
,Brown and Sharpe 5-6,,,,,,,,,,,,,,,
,"Starrett 2-3 No, 436, 0.001, no rachet, no carbide tips",,20,,3/2/22,110,"2lbs,9x6x3",,,,,,,,,
1/18/22,Mitutoyo 1-2 Micrometer w/ Standard w/ Case,48.4,,,,,,,,,,,,,,
2/1,"3.091 + 3.905 + 4.4 Ft 4/4 Soft Maple Wormy, 2.85/ft",35.73,,,,,,,,,,,,,,
2/10,Mitutoyo Gauge Block Set A Grade - Incomplete,70,31.06,38.94,4/1/22,106,"9lbs, 16x12x7",,,,,,,,,
,"Gage block Set - Unbranded, Incomplete",10,,,,,,,,,,,,,,
,Lot 4 Astd Live Centers,150,,,,,Includes Skoda live center for set,,,,,,,,,
,Skoda Live Center Set,130,,,,,,,,,,,,,,
,Lot 6 Taft Pierce No. 192 (Ground) Angle Plates,220,450,230,,,,,,,,,,,,
,A,,130,,3/7/22,112,"16lbs, 12x8x8",112A,,,,,,,,
,B,,,,,113,"18lbs, 12x8x8",113B,,,,,,,,
,C,,100,,5/29/2022,114,"18lbs, 12x8x8",114C,,,,,,,,
,D,,100,,5/29/22,115,"18lbs, 12x8x8",115D,1,,,,,,,
,E,,,,,116,"18lbs, 16x8x7",116E,,,,,,,,
,F,,120,,3/2/22,117,"19lbs, 16x8x7",117F,,,,,,,,
,Royal Oak D-S Grinder,110,,,,,,,,,,,,,,
,Deltronic Pin Gauge Set,140,,,,,,,,,,,,,,
,Tax,73.48,,-73.48,,,,,,,,,,,,
,Premium,149.4,,-149.4,,,,,,,,,,,,
2/15,Lot,225,1033,808,,,,,,,,,,,,
,Royal Live Center Set MT4,,585,,4/19/22,118,"24lbs, 23x13x11",,,,,,,,,
,3 Extra Live Centers for Royal Set MT4,,20,,,121,"3lbs,7x6x3",,,,,,,,,
,4 Extra Live Centers for Royal Set MT4,,,,,122,"4lbs, 7x6x3",,,,,,,,,
,Cat 50 Tool Holder (?) Unknown (CAD?),,20,,3/26/22,124,"18lbs,16x12x7",,,,,,,,,
,"NOS Jacobs Chuck W/ box, 5-20mm, ,18-.80"", 36 & 3 MT",,51,,3/5/22,125,"4lbs,7x7x5",,,,,,,,,
,Hardinge Spindle Nose Cover - HLVH HLV-H TFB?,,35,,8/30/22,151,"2lbs, 8x8x6 (1.0lbs)",,,,,,,,,
,"National Twist Drill 31/32-1 3/8 Spade Drill, Series 2 EDP 75606 W/ 4 New 1"" Inserts (New)", ,125,,2/4/23,239,"3lbs, 11x8x6",,,,,,,,,
,Sandvik Coromant R166.4FG-123B (New) Tool Holder,,32,,1/15/22,240,"2lbs (1lb, 3oz) 6x8x4",,,,,,,,,
,Dorian MCLNL 12-4B Tool Holder (New),,105,,,241,"2lbs (1lb, 4oz) 6x8x4",Init Qty: 3,,,,,,,,
,Dorian MVJNL 12-3B Tool Holder (New),,25,,1/10/23,242,"2lbs (1lb, 4oz) 6x8x4",,,,,,,,,
,Canela CA-CLSR12-3B (New),,,,,243,"2lbs (1lb, 4oz) 6x8x4",Init Qty: 3,,,,,,,,
,Starrett 697 Head (A-Smooth Mvmnt),,35,,9/29/23,244,"2lbs (1lb, 5oz) 10x8x6",,,,,,,,,
,Starrett 697 Head (B-Gritty Mvmnt),,,,,245,"2lbs (1lb, 10oz) 10x8x6",,,,,,,,,
,Canela MDJNL 12-4B (Lightly Used),,,,,246,"2lbs (1lb, 4oz) 6x8x4",,,,,,,,,
,Lot Misc Pallet,400,1705,1305,,,,,,,,,,,,
,Do-All Granite Surface Plate Grade A,,,,,,,,,,,,,,,
,"Parallels(?) for Brown and Sharpe 18"" Chuck",,,,,149,"10lbs, 12x8x7",,,,,,,,,
,Harig Basic Head + Collets,,405,,6/23/22,147,"23lbs, 17x11x7",,,,,,,,,
,"Fowler Trimos Vertical 3, Model TSV-600",,1300,,7/11/22,132,"137.8lbs, 51x20x16",,,,,,,,,
,Tax,59,,-59,,,,,,,,,,,,
,Premium,112.5,,-112.5,,,,,,,,,,,,
2/16,Lot,100,510,410,,,,,,,,,,,,
,Royal 5C Collet Chuck A2-5,,500,,3/10/22,120,"14lbs, 9x9x9",,,,,,,,,
,3 Spindle Liners(?),,10,,3/26/22,119,"34lbs, 23x13x11",,,,,,,,,
,Fowler Trimos TRR401-ISO50 Tool Presetter,150,985,,4/8/22,126,"75lbs, 32x21x12",,,,,,,,,
,Tax,0,,0,,,,,,,,,,,,
,Buyer's Premium,45,,-45,,,,,,,,,,,,
3/2/22,Lumber 1x6-8 (Qty: 6 @  7.38) + tax,48.71,,-48.71,,,,,,,,,,,,
,"Williams 1"" Rachet",10,,,,,,,,,,,,,,
,Lot - 4 V-Blocks 2 Matched sets (1 set Taft Peirce),60,43,-17,,,,,,,,,,,,
,Shop-Made Matched V-Blocks (1020 Carb&Hdn) Set 1,,43,,,134,"17lbs,9x9x6",,,,,,,,,
,Taft Peirce Matched V-Block Set,,,,,,,,,,,,,,,
,Lot - 4 V-Blocks 2 Matched sets,45,73,28,,,,,,,,,,,,
,Shop-Made Matched V-Blocks w/Notch,,9,,6/14/22,133,"15lbs, 11x10x8",,,,,,,,,
,Shop-Made Matched V-Blocks (1020 Carb&Hdn) Set 2,,64,,6/4/22,135,"17lbs,9x9x6",,,,,,,,,
,Blake Co-Axial Indicator,,,,,,,,,,,,,,,
,Astd Dial Indicators,,,,,,,,,,,,,,,
,Starrett 124 Depth Gage Set,60,,,,,,,,,,,,,,
,18%,47.7,,-47.7,,,,,,,,,,,,
,Tax,31.27,,,,,,,,,,,,,,
3/24/22,Packing Tape,23.02,,-23.02,,,,,,,,,,,,
,Astd Screwdrivers,10,,,,,,,,,,,,,,
,Kincrome Wrench Set,25,,,,,,,,,,,,,,
,18%,7,,,,,,,,,,,,,,
,Tax,0,,,,,,,,,,,,,,
4/15,"IBM Selectric I 13"" Carriage",,,,,235,,,,,,,,,,
4/22,Craftsman 109 Metal Lathe,100,,,,,,,,,,,,,,
4/26,JB Prowler LD5000 Refrigerant Leak Detector,30,120,90,5/21/22,138,"7lbs, 19x17x9",,,,,,,,,
,"Bell & Gossett RO-2, V55690 Readout W/ Case",60,450,390,1/12/22,139,"19lbs,17x16x13",,,,,,,,,
,Marathon B302 Motor,25,50,25,1/15/22,137,"16lbs,15x9x8",,,,,,,,,
,McQay HAEQ5934 Motor,10,90,80,,136,"19lbs, 18x12x12",,,,,,,,,
,18%,22.5,,,,,,,,,,,,,,
,Tax,0,,,,,,,,,,,,,,
5/1,Makita 1100 Planer,70,,,,,,,,,,,,,,
,"Standard 3 1/2"" Vise",20,,,,,,,,,,,,,,
,"Wilton 5"" Vise (Not bullet)",15,65,50,2022,146,"20lbs, 17x11x10",,,,,,,,,
5/5,Miller Spectrum-875 Autolink Plasma Cutter,1000,1800,800,2022,145,"135lbs, 32x26x18",,,,,,,,,
5/12,Taper Shank Core Drill Bits 4-1 1/16 14-29/32,30,50,20,9/8/22,166,"25lbs, 16x12x7",,,,,,,,,
,Lot 2 6-Drawer Small Parts Cabinets,25,,,,,,,,,,,,,,
,Astd Transfer Punches,,5,,8/30/22,163,"4lbs, 9x6x6",,,,,,,,,
,32 Misc Straight Shank Reamers,,0,,8/16/22,167,"20lbs, 17x9x7",,,,,,,,,
,Astd Counterbores 12,,,,,194,"10lbs, 12x9x9",,,,,,,,,
,Astd Tapered Reamers 14,,,,,205,"18lbs, 20x9x9",,,,,,,,,
,Carbide Inserts,,,,,160,,Init Qty: 25,,,,,,,,
,,,,,,,,,,,,,,,,
,"Starrett 823E Box W/ 16, 17, 18 Rods",10,25,15,,129,"4lbs, 22x8x5",,,,,,,,,
,"Starrett 124C W/ Box, Head, and  2"" spacer, and 14-20, 20-26, 26-32",35,34,-1,,130,"6lbs, 29x7x4",,,,,,,,,
,Buyers Premium (18%),18,0,-18,,,,,,,,,,,,
,Tax,0,,,,,,,,,,,,,,
,Lot from Pat,60,107.99,47.99,,,,,,,,,,,,
,Misc Punches/Cold Chisels,,20.5,,5/2/34,274,"5lbs, 8x8x5",,,,,,,,,
,Misc Greenfield Taps and Dies,,46,,5/12/23,275,"10lbs, 10x8x6",,,,,,,,,
,Misc Machinist Tools,,35,,5/3/23,276,"11lbs, 12x8x6",,,,,,,,,
,Misc General Tools,,5.5,,5/3/23,277,"30lbs, 23x14x11",,,,,,,,,
,Rebel Rotozip + Accessories,,0.99,,4/5/23,272,"7lbs, 13x8x7",,,,,,,,,
?,Lot Misc. Planes,25,,,,,,,,,,,,,,
,Stanley Compass Plane,,,,,,,,,,,,,,,
?,"Starrett 124 2-12"" Inside Micrometer",,,,,128,"4lbs, 16x8x7",,,,,,,,,
,,,,,,,,,,,,,,,,
5/13,Lot Astd Grinding Wheels,30,,,,,,,,,,,,,,
,Jacobs 20N Chuck w/ MT4 Arbor w/ Key,70,160,90,5/18/22,142,"12lbs, 15x8x7",,,,,,,,,
,Dorian CXA QCTP W/ 4 holders,275,425,150,6/20/22,144,"26lbs, 16x12x7",,,,,,,,,
,Astd Hardinge 5C-adapting Expanding Collets,15,56,41,5/21/22,143,"8lbs, 12x8x8",,,,,,,,,
,Sunnen JN-95 Junior Portable Hone,150,300,150,5/20/22,140,"11lbs, 16x12x7",,,,,,,,,
,Sunnen AN-815 Heavy Duty Portable Hone,175,375,200,5/15/22,141,"12lbs,17x11x10",,,,,,,,,
,Lot Carbide Endmills,50,,,,,,,,,,,,,,
,I-R Air Rachet Wrench,60,145,85,7/13/22,161,"6lbs,17x9x7",,,,,,,,,
,Matco Manual Impact Driver Set,20,,,,,,,,,,,,,,
,"Diecraft 412 12"" C-Clamp",25,,,,,,,,,,,,,,
,"Diecraft 412 12"" C-Clamp",25,,,,,,,,,,,,,,
,Lot Craftsman Middle Tool Cabine W/ Misc tool cases,70,260,190,,,,,,,,,,,,
,Craftsman Quiet-Glide Middle Tool Cabinet,,250,,5/27/22,,"59lbs, 30x20x18",,,,,,,,,
,"Starrett 6"" Dial Caliper Case, CASE ONLY",,10,,9/15/22,172,"2lbs, 16x8x4",,,,,,,,,
,Astd Import Micrometer Cases (Cases Only),,0,,,195,"2lbs, 8x8x6 (1.2lbs)",Thrown Out,,,,,,,,
,Mitutoyo 147-351 Hub Micrometer (Case Only),,,,,196,"2lbs, 8x8x6 (0.9lbs)",,,,,,,,,
,,,,,,,,,,,,,,,,
,18%,173.7,0,-173.7,,,,,,,,,,,,
,Tax,0,,,,,,,,,,,,,,
,,,,,,,,,,,,,,,,
,,1138.7,1981,,,,,,,,,,,,,
5/24,Dorian AXA Quick Change Toolpost,125,,,,,,,,,,,,,,
5/29,Mitutoyo 7-8 Digit (Not digital),30,99,47.05,7/19/22,150,"8lbs, 18x13x5",,,,,,,,,
,"Mitutoyo 7"" Standard",21.95,,,,,,,,,,,,,,
6/7,Craftsman 3 1/2 ton floor jack Model 50145,30,,,,,,,,,,,,,,
,Seals for Craftsman 50145 jack,40,,,,,,,,,,,,,,
6/8,,,,,,,,,,,,,,,,
,Dewalt Hex-Drive Bit Set,10,,,,,,,,,,,,,,
,Craftsman Buffer,25,,,,,,,,,,,,,,
,Craftsman 6 Ton Jack Stand Pair,30,,,,,,,,,,,,,,
6/9,Lot Astd Combinaiton Wrenches (Husky and Superrench),20,29,9,,,,,,,,,,,,
,"2 Craftsman Wrenches 7/8"" 1""",,15,,8/14/22,168,"3lbs, 21x5x5",,,,,,,,,
,"3 Huskey Wrenches 19mm, 21mm, 22mm",,9,,8/21/22,169,"4lbs, 19x7x6",,,,,,,,,
,"Proto Professional 3/4""",,5,,9/27/22,170,"2lbs, 14x7x6",,,,,,,,,
,"2 Double End (DE) Wrenches, Williams Superrench 1 1/4 x 1 1/16, SK 1 x 15/16",,,,,171,"3lbs, 14x7x6",,,,,,,,,
,Lot 2 Torque Wrenches,15,,,,,,,,,,,,,,
,"PowerKraft 1/2"" Torque Wrench",,,,,,,,,,,,,,,
,Dial Torque Wrench,,,,,,,,,,,,,,,
,18%,6.3,0,-6.3,,,,,,,,,,,,
6/13,Lot 9 Astd Dril Chucks and 4 Astd Centers W/ Sleeves W/ Misc Tooling,240,49,-191,,,,,,,,,,,,
,Morse Taper Adapters and Keys/Wedges,,4.5,,8/26/22,173,"8lbs, 9x8x6",,,,,,,,,
,Misc Junk Carabide Tipped Lathe Bits,,0,,,174,"30lbs, 10x8x8",,,,,,,,,
,Misc Pneumatic Lever Pistol Nozzles Blowers,,4.5,,8/16/22,175,"5lbs, 11x7x6",,,,,,,,,
,MT3 Spring Loaded Live Center,,35,,,203,"2lbs,9x7x5 (1.2lbs)",,,,,,,,,
,Astd Square Nut Wrenches,,,,,204,"2lbs, 8x7x5 (1.8lbs)",,,,,,,,,
,,,,,,,,,,,,,,,,
,Starrett S154LZ Adjustable Parallel Set (CASE ONLY),,5,,9/30/22,197,"2lbs, 11x9x7 (1.0lbs)",,,,,,,,,
,"Dorian Right Angle Head, R8 Taper",300,,-300,,153,"22lbs, 13x10x8",,,,,,,,,
,Lot 6 Chucks,210,0,-210,,,,,,,,,,,,
,151-A Jacobs 2A Chuck W/ Key to Straight Shank ,,,,,154,"2lbs, 5x5x7 (1.3lbs)",,,,,,,,,
,151-B Jacobs 2A Chuck W/ Key to Straight Shank ,,,,,155,"1.7lbs, 8x8x6",,,,,,,,,
,151-C Jacobs 8 1/2 BalllB Super Chuck W/Key to R8,,,,,156,"2.3lbs, 8x8x6",,,,,,,,,
,151-D Jacobs 14N BallB Super Chuck W/Key to R8,,,,,157,"4.3lbs,7x7x8",,,,,,,,,
,151-E Jacobs 14N BallB Super Chuck W/Key to R8,,,,,158,"4.1lbs, 8x8x6",,,,,,,,,
,151-F Jacobs 16N BallB Super Chuck W/Key to R8,,,,,159,"4.5lbs, 9x7x6",,,,,,,,,
,18%,135,0,-135,,,,,,,,,,,,
,Lot - Cnc's,450,,,,,,,,,,,,,,
,CNC Sherline Lathe,,,,,,,,,,,,,,,
,CNC Sherline Mill,,,,,,,,,,,,,,,
6/19,Lot,30,,,,,,,,,,,,,,
,Starrett 196 Black Plunge Indicator,,,,,,,,,,,,,,,
,Starrett 196 Black Plunge Indicator,,,,,,,,,,,,,,,
,Starrett 490 Angle Head for Square,,,,,,,,,,,,,,,
,"Starrett C604-R 18"" Ruler",,,,,,,,,,,,,,,
,Starrett 827B Edge Finder W/ Pouch,,,,,,,,,,,,,,,
,Starrett 284 29 Deg Screw Thread Gage,,,,,,,,,,,,,,,
,Misc Indicator Holder Hardware (3pcs),,,,,,,,,,,,,,,
,Starrett 824A Original Box,15,,,,,complete and no rust,,,,,,,,,
,Powermate Air Compressor (Working),40,,,,,,,,,,,,,,
,30lbs Round-bar steel,15,,,,,,,,,,,,,,
,Lot,15,,,,,,,,,,,,,,
,National Double End Drill Angle Grinding Gauge,,,,,,,,,,,,,,,
,"Brown and Sharpe 388, 2.5"" ID/OD caliper",,,,,,,,,,,,,,,
6/21,Atlas 618 Lathe + Assecories,675,,,,,,,,,,,,,,
7/3,Craftsman Impact Socket Set,35,,,,,,,,,,,,,,
7/7,Lot,0,,131.85,,,From Mario,,,,,,,,,
,"Eagle Claw, Pack It Series Fishing Rod",,20.5,,7/19/22,165,"2lbs, 24x5x4",,,,,,,,,
,Mako Fishing Rod,0,,,,164,"5lbs, 46x8x6",,,,,,,,,
,Wolf 814883 Electrode/Igniter Cable kit,,26.35,,,199,"2lbs, 8x8x6 (0.9lbs)",,,,,,,,,
,Wolf 815507 - Tytronics RI306 6 Point Gas Re-Igniter,,70,,,200,"3lbs, 16x10x8 (2.6lbs)",,,,,,,,,
,Sub-Zero Tytronics 815552 Single Point Gas Re-Igniter RI 120A-1,,15,,,201,"2lbs, 8x8x6 (0.8lbs)",,,,,,,,,
,,,,,,,,,,,,,,,,
7/10,Makita Circular Saw (36v) New,100,,,,,,,,,,,,,,
,Makita 5.0Ah battery New,55,,,,,,,,,,,,,,
,Makita 5.0 Ah battery,45,,,,,,,,,,,,,,
,Jacobs Chuck W/ MT1 Arbor,5,,,,,,,,,,,,,,
,Pneumatic Line,10,,,,,,,,,,,,,,
,Compression Checker,10,,,,,,,,,,,,,,
,Vacuum Checker,10,,,,,,,,,,,,,,
,"Interapid 0.0005"" Test Indicator + Case + Mounting Hardware",20,,,,,,,,,,,,,,
,"Mitutoyo 0.0001"" Test Indicator + Case + Mounting Hardware",20,,,,,,,,,,,,,,
,Starrett No 4 Rule and Center Finder Head,5,,,,,,,,,,,,,,
7/17,Threaded Cord-Wire Wheel,5,,,,,,,,,,,,,,
,"Mitutoyo 0.0001"" Test Indicator + Case + Mounting Hardware",20,,,,,,,,,,,,,,
,Makita Double 18V Charging Station (New),45,,,,,,,,,,,,,,
,Blue Point Snap Ring Pliers Set,50,,,,,,,,,,,,,,
7/29,"NYE 1/2""-1 1/4"" Pipe Threader W/ Dies & Handle",30,,,,,,,,,,,,,,
,Tiwanese Line Wrenches,5,,,,,,,,,,,,,,
,3 Small Vises,25,15.5,-9.5,,,,,,,,,,,,
,"Jewlers Vise, Special, George Colton",,15.5,,11/23/22,191,"6lbs, 17x10x8",,,,,,,,,
,5 Small Drill Chucks,15,,,,,,,,,,,,,,
,2 Keyless and 3 Small Chucks,10,,,,,,,,,,,,,,
,Lot Astd Collets,25,220,195,,,,,,,,,,,,
,Set of Gorton Collets and B&S Taper Adapter,,220,,3/29/23,198,"5lbs, 8x8x6",,,,,,,,,
,2 Door Steel Cabinet W/ Contents,50,175,125,,,,,,,,,,,,
,Astd Helicoil Go/No Go Gages,,70,,9/13/22,185,"2lbs, 8x7x5",,,,,,,,,
,Astd Thread Go/No Go Gages,,30,,8/16/22,186,"2lbs, 8x7x5",,,,,,,,,
,"Astd Plug/Ring Gages, Shop-Made",,,,,187,"50lbs, 17x11x10",,,,,,,,,
,"Astd Go/No Go plug Gage Holders, 2 sided, red/green ( 17) ",,10,,1/29/23,188,"3lbs, 10x7x7",,,,,,,,,
,7 Tommy Gage Go/No Go Holders,,15,,9/20/22,189,"2lbs, 10x7x7",,,,,,,,,
,Astd Go/No Go Plug Gages W/ Holders,,50,,8/13/22,190,"6lbs, 9x7x6",,,,,,,,,
,Dumore No 16-011 Hi-Speed Sensitive Drill Press,125,,,,,,,,,,,,,,
,"Darex Dril Sharpener, 1/3HP",90,235,145,,176,"42lbs, 21x20x19",,,,,,,,,
,"Weldon Sharpening Fixture W/ Collets,Case, Spindles",125,425,300,11/9/22,177,"86lbs, 33x19x18 (83.8lbs)",,,,,,,,,
,Hardinge H4-5C Collet Fixture,40,120,80,8/23/22,193,"18lbs, 13x11x9",,,,,,,,,
,5 R8 Tool Holders W/ Jacobs Quick Change R8 Mount,125,45,-80,,,,Note: Jacobs Quick Change R8 Mount sold in 192,,,,,,,,
,R8 Slitting Arbor Heavy Duty,,45,,10/7/22,202,"4lbs, 9x7x6",,,,,,,,,
,,,,,,,,,,,,,,,,
,,,,,,,,,,,,,,,,
,Large Qty of Jacobs Quick Change Tool Holders,125,675,550,,192,"22lbs, 11x9x8",,,,,,,,,
,"5"" Mill Vise (4"" kurt vise D40, listed as 5"")",125,,,,,,,,,,,,,,
,"B&S 1-6"" Micrometer W/ Standards and Anvils",45,,,,,,,,,,,,,,
,"Fowler 2-3"" Digit Micrometer",10,40,30,8/12/22,180,"3lbs, 14x7x5",,,,,,,,,
,"Mitutoyo 123-126 1-2"" Disk Micrometer",15,,,,,,,,,,,,,,
,"Mitutoyo 123-125 0-1"" Disk Micrometer",15,,,,,,,,,,,,,,
,Standard No. 1 Dializer Micromerer / Taft Peirce Snap Gauge,20,,,,182,"3lbs, 13x7x6",,,,,,,,,
,"Fowler 0-4"" Digit Depth Gauge, 0.0001"" Reading",10,70,60,8/23/22,178,"3lbs, 10x8x6",,,,,,,,,
,Lufkin 613 Depth Gauge,10,15,5,9/7/22,183,"2lbs, 15x7x6",,,,,,,,,
,Lufkin 513 Depth Gauge,10,15,5,8/18/22,179,"2lbs, 9x7x6",,,,,,,,,
,"Astd Inspection Equiptment, Old welding glasses, pin spanners",25,,,,,,,,,,,,,,
,Federal Gauge + Mitutoyo Case,5,,,,,,,,,,,,,,
,Mitutoyo Case (from above),,,,,181,"2lbs, 13x9x6",,,,,,,,,
,Interapid Internal Bore Gauge,10,,,,,,,,,,,,,,
,Stewart Warner RPM Ind + Astd Indicators,10,,,,,,,,,,,,,,
,Bokum Boring Head,30,,,,,,,,,,,,,,
,Eclipse 934 Magnetic V Block,30,80,50,8/26/22,184,"12lbs, 13x10x10",,,,,,,,,
,Eclipse 934 Magnetic V Block,25,,,,,,,,,,,,,,
,"Van Keuran Gage Block Set, 0.100-2.0""",20,,,,,,,,,,,,,,
,18%,216.9,0,-216.9,,,,,,,,,,,,
,Tax,142.19,0,-142.19,,,,,,,,,,,,
,,1564.09,2541,,,,,,,,,,,,,
8/28,Motor+Gearbox,10,,,,,,,,,,,,,,
,Set Cleveland Letter Drills,12,,,,,,,,,,,,,,
,Lot from Justin,115,110.98,,,,,,,,,,,,,
,"Astd Craftsman Sockets 23, 10 SAE, 13 Metric",,4.99,,10/6/22,206,"4lbs, 9x7x6",,,,,,,,,
,Astd Taiwan Sockets 14,,,,,207,"3lbs, 8x8x5",,,,,,,,,
,Astd Deep Well Sockets 16,,0.99,,10/14/22,208,"5lbs, 9x7x6",,,,,,,,,
,Astd Sockets 7 + 1 impact,,,,,209,"2lbs, 9x6x4 (1.4lbs)",,,,,,,,,
,Misc American Sockets 14,,4.99,,10/14/22,210,"3lbs, 10x5x4",,,,,,,,,
,Misc Taps/Dies,,,,,211,"5lbs, 8x7x5",,,,,,,,,
,Chisholm Moore Chain Hoise Puller Comealong 3/4-B Ton,,80,,10/13/22,213,"17lbs, 30x8x7",,,,,,,,,
,Toledo No 00 Racheting Pipe Die Kit,,,,,215,"16lbs, 23x10x8",,,,,,,,,
,New Set in Case Craftsman 3/8 SAE Sockets,,,,,217,"3lbs, 16x8x5",,,,,,,,,
,"3 Pipe Wrenches (18"",14""x2), Spain, Sears, Craftsman",,,,,218,"16lbs, 14x12x8",,,,,,,,,
,"2 Pipe Wrenches ( 19"", 12"") Ridgid",,20.01,,10/15/22,219,"14lbs, 14x12x8",,,,,,,,,
,"2 Air Rachets (3/8"") Chicago Pneumatic, Sanborn",,,,,220,"7lbs, 13x8x8",,,,,,,,,
,Ridgid No 2 Pipe Cutter,,,,,221,"8lbs, 18x8x7",,,,,,,,,
,"Chain Hoist, Hand Powered, unbranded",,0,,,222,"11lbs, 26x8x8",Thrown Out,,,,,,,,
,,,,,,,,,,,,,,,,
,,,,,,,,,,,,,,,,
9/17,"GTD Go/No go Thread Gage Set, 1/4-1"", UNC",50,150,100,9/18/22,212,"13lbs, 25x11x7",,,,,,,,,
,Milwaukee 1854-1 Super Hole Shooter,60,,,,,,,,,,,,,,
,13lbs Scrap Carbide,60,74.61,14.61,11/14/22,214,"16lbs, 11x8x7","(Sold for 90, buyer didn't receive, paid 15.39 for shipping correct box)",,,,,,,,
,"Kitagawa 10"" Hydraulic Chuck in orig box HJA6-10-1",40,586.74,546.74,2/29/24,216,"99lbs, 21x16x10",,,,,,,,,
,Festo Machine Fixture,20,,,,,,,,,,,,,,
,LOT Astd Taper Tool Holders,60,,,,,,,,,,,,,,
,Astd Woodruff Keys,10,,,,,,,,,,,,,,
,18%,54,0,-54,,,,,,,,,,,,
,Tax,35.4,0,-35.4,,,,,,,,,,,,
9/21,"Lot: Boring Bars, Lathe Insert Cutters & Small Boring Heads",50,,,,,,,,,,,,,,
,Lot 4 Jacobs Chucks,100,335,235,,,,,,,,,,,,
,228-A Jacobs Chuck - W/ Key,,55,,11/19/22,229,"5lbs, 9x8x6",,,,,,,,,
,228-B Jacobs Chuck - W/ Key,,95,,11/6/22,230,"8lbs, 11x8x6",,,,,,,,,
,228-C Jacobs Chuck - W/ Key,,90,,11/6/22,231,"8lbs, 11x8x6",,,,,,,,,
,228-D Jacobs Chuck - W/ Key,,95,,11/3/22,232,"7lbs, 9x7x6",,,,,,,,,
,Gesswein Ultra Max Rotary Tool w/Accessories,50,1200,1150,4/28/22,273,"52lbs, 25x22x21",,,,,,,,,
,Optidress - E,250,,,,,,,,,,,,,,
,Bowers Sylvac 25 Digital Bore Gauge Set,50,,,,226,"13lbs, 17x12x11",,,,,,,,,
,Lot,50,327.24,277.24,,,,,,,,,,,,
,Flowmeter,,,,,,,,,,,,,,,
,Pratt Whitney Sigmatic Tester,,,,,,,,,,,,,,,
,Alnor Portable Pyrometer,,,,,,,,,,,,,,,
,Mahr Federal Indicator Stand,,67.24,,10/18/23,223,"35lbs, 19x18x15",,,,,,,,,
,"Mitutoyo Digital Indicator 543-564-1, 2.4"" Travel",,260,,11/22/22,225,"5lbs, 13x13x11",,,,,,,,,
,Lot,50,260,210,,,,,,,,,,,,
,"Cadillac Height Gauge 12""",,100,,10/4/22,224,"43lbs, 25x20x20",,,,,,,,,
,"Mitutoyo 12"" Dial Height Gauge",,160,,12/17/22,227,"15lbs, 26x15x11",,,,,,,,,
,Tax,66.08,0,-66.08,,,,,,,,,,,,
,18%,126,0,-126,,,,,,,,,,,,
9/28,St. Mary Motorized Centerless Grinding Fixture,45,,,,,,,,,,,,,,
,18%,8.1,0,-8.1,,,,,,,,,,,,
,Rectifier (3) - 2W02G GENERAL SEMICONDUCTOR DIODE BRIDGE GPP 2.0A 200V WOB,8.55,0,-8.55,,,For Optidress,,,,,,,,,
10/11,Kennedy Two Drawer Tool Box,40,30,-10,7/12/23,296,"51lbs, 35x25x18",,,,,,,,,
,Taft Peirce 202 Right Angle Plate,25,202.5,177.5,12/12/22,228,"56lbs, 28x16x16",,,,,,,,,
,BIAX TYPE IV E/B SCRAPER WITH STEEL CASE,550,,,,,,,,,,,,,,
,Astd Carbide-Tip Taper Shank Drill Bits,10,,,,,,,,,,,,,,
,Starrett Inside Micrometer W/ Standards,35,,,,,,,,,,,,,,
,Cole-Parmer 8213-20 Tachometer,15,,,,,,,,,,,,,,
,4' Straight Edge,50,,,,,,,,,,,,,,
,"18"" Straight Edge",70,,,,,,,,,,,,,,
,18%,143.1,0,-143.1,,,,,,,,,,,,
10/14,Bearing - ND New Departure Steel Cased Ball Bearing 87008,14.29,0,-14.29,,,For Dumore Drill Press,,,,,,,,,
,"Bearing - DELCO NEW DEPARTURE HYATT CWC87006 WC87006 BEARING 0.25"" X 0.94"" X 0.40"" A560",8.79,0,-8.79,,,For Dumore Drill Press,,,,,,,,,
10/27,"Ridgid 60"" Pipe Wrench",60,,,,,,,,,,,,,,
,"2 - 30""x15""x60"" Sheet Meal Shelving Units",10,,,,,,,,,,,,,,
,"4 - Pallet Racks 48""x24""x84""",44,,,,,,,,,,,,,,
,Tax,9.98,0,-9.98,,,,,,,,,,,,
,18%,20.52,0,-20.52,,,,,,,,,,,,
11/11/22,Miller Maxstar 210 DX,1404,,,,,Sterling and Knight Pawn Shop,,,,,,,,,
12/15,"Mitutoyo1.4-4"" Bore Gauge Set, 3 Bore Gages",150,,,,249,"11lbs,24x18x10",,,,,,,,,
,25 Steel Round Bar Cutoffs,35,,,,,,,,,,,,,,
,Enco Dickson-Style QCTP W/ 5 Tool Holders,125,363.64,238.64,,247,"80lbs, 23x14x11",,,,,,,,,
,18%,55.8,0,-55.8,,,,,,,,,,,,
,Tax,0,0,0,,,,,,,,,,,,
12/17,Milwaukee 1675-1 Hole Hawg Drill,40,59.93,19.93,9/30/23,300,"31lbs, 23x19x14",NOTE: RECORD SHIPPING PRICE,,,,,,,,
,Astd Micromet Lot,15,,,,,,,,,,,,,,
,"Brown Sharpe 230 Micrometer 0-3/8""",,,,,,,,,,,,,,,
,Brown Sharpe 599-578-1 Dial Calipers W/ Sarrett Case,20,,,,,,,,,,,,,,
,Super Six Adjustable Reamer Set,25,130,105,1/14/22,238,"10lbs, 14x11x9",,,,,,,,,
,Clausing No. 1765 Floor Drill Press,375,,,,,,,,,,,,,,
,Clausing No. 16VC-1 Floor Drill Press,200,,,,,,,,,,,,,,
,18%,121.5,0,-121.5,,,,,,,,,,,,
,Tax,79.65,0,-79.65,,,,,,,,,,,,
,Craftsman Floor Model Drill Press,23,,,,,,,,,,,,,,
,Robbins Myers Gear Motor,81.95,0,-81.95,,,,,,,,,,,,
1/3,Moebius 9010 2ml Light Clock Oil,43.99,0,-43.99,,,,,,,,,,,,
1/10/23,Lot 2 Ultrasonic Leak Detectors,10,255,245,,,,,,,,,,,,
,Mitchell Asonics Son-Tector 110-M Ultrasonic Leak Detector,,255,,7/20/23,290,,,,,,,,,,
,,,,,,,,,,,,,,,,
,,,,,,,,,,,,,,,,
,18%,1.8,,,,,,,,,,,,,,
2/16,Tax,0.13,,,,,,,,,,,,,,
,Lot in safe,400,1750,1350,,,,,,,,,,,,
,Bridgeport Right Angle Milling Head W/ Horiz Support and arbor A,,850,,4/14/23,270,"50lbs, 18x12x12",,,,,,,,,
,Bridgeport Right Angle Milling Head W/ Horiz Support and arbor B,,900,,4/2/23,271,"50lbs, 18x12x12",,,,,,,,,
,"Lot 1"" Drive Sockets",20,,,,,,,,,,,,,,
,"Lot on pallets (LOT MISC. TOOLING, HAND TOOLS, GAUGE STAND, DIAL INDICATORS, RUBBER MAT, CENTERS, MISC. ON 2-SKIDS)",150,-8.32,-158.32,,,,,,,,,,,,
,Indicators,,,,,,,,,,,,,,,
,Indicator Stands,,,,,,,,,,,,,,,
,Sharpies,,,,,,,,,,,,,,,
,Travadials (3),,,,,,,,,,,,,,,
,Drywall and Concrete Anchors,,,,,299,"13lbs, 20x10x9",,,,,,,,,
,Astd Sorted Allen Wrenches (NOS),,-8.32,,9/12/23,298,"11lbs, 20x10x9",,,,,,,,,
,Mag Drill,175,,,,,,,,,,,,,,
,Astd Mitutoyo micrometers in cases,200,518,318,,,,,,,,,,,,
,Mitutoyo 6-12 Interchangable Anvil Mic 104-138,,230,,4/1/23,266,"19lbs, 24x19x9",,,,,,,,,
,"Mitutoyo 0-6"" Interch. Anvil Mic 204-137",,125,,3/15/22,267,"9lbs, 17x11x6",,,,,,,,,
,"Mitutoyo 6-7"" Digit Micrometer 193-217",,73,,3/9/23,268,"8lbs, 17x11x7",,,,,,,,,
,"Mitutoyo 0-3"" Mic set 193-923",,90,,3/1/23,269,"7lbs, 17x11x7",,,,,,,,,
,"Powermatic 14"" Drill Press",200,,,,,,,,,,,,,,
,18%,206.1,0,-206.1,,,,,,,,,,,,
,Tax,135.11,0,-135.11,,,,,,,,,,,,
3/13/23,1979 F-350,4000,,,,,Paid wire on 3/13,,,,,,,,,
3/30/23,Lot 1,200,325,125,,,,,,,,,,,,
,SPI 18-piece Angle Grinding Gauge Set,,,,,,,,,,,,,,,
,Starrett Radius Gage Set 5167C,,,,,,,,,,,,,,,
,"Mituotyo 1-2"" Micrometer 202-106",,,,,283,"1lb 1oz, 9x7x4",,,,,,,,,
,"Fowler 0-1"" Digital Micrometer 54-815-001-2 EDP#:16595",,,,,,,,,,,,,,,
,"Fowler 0-1"" Digital Micrometer 54-815-001-2 EDP#:16595",,,,,,,,,,,,,,,
,"Fowler 2-3"" Micrometer W/ Case and Standard, 0.0001""",,40,,6/25/23,285,"3lbs,13x9x6",,,,,,,,,
,"Fowler 0-6"" Depth Micrometer 0.001""",,65,,5/15/23,284,"4lbs, 15x10x8",,,,,,,,,
,"Huot 1/16-1/2"" Long Drill Bit Set",,,,,,,,,,,,,,,
,"Jacobs Chuck 1/2"" W/ Key, No 34, Straight Shank",,,,,,,,,,,,,,,
,"Jacobs Chuck 3/4"" W/ Key, No 36, MT4 A",,85,,4/27/23,278,"6lbs, 9x7x7",,,,,,,,,
,Skoda MT3 Live Center,,135,,4/28/23,281,"3lbs, 8x8x6",,,,,,,,,
,Dumore Hand Grinder 8555-210,,,,,,,,,,,,,,,
,Lot 2,65,20,-45,,,,,,,,,,,,
,Surface Gauge (Unbranded),,20,,5/8/23,282,"4lbs, 15x10x4",,,,,,,,,
,"Interapid 0.0005"" Test Indicator 312B-1",,,,,,,,,,,,,,,
,Starrett Protractor No C493B,,,,,,,,,,,,,,,
,"Mitutoyo 6"" Combination Square W/ Center Finder (And Scribe!)",,,,,,,,,,,,,,,
,"Mitutoyo 6"" Combination Square W/ Center Finder",,,,,,,,,,,,,,,
,Mitutoyo Center Finder 180-202,,,,,280,"1lbs 1oz, 8x8x6",,,,,,,,,
,Starrett Adjustable Parallel Set 3/8-2 1/4 No S 154 L,,,,,,,,,,,,,,,
,"Starrett Adjustable Parallels (4), C,D,D, and F",,,,,,,,,,,,,,,
,"Mitutoyo 12"" Digital Height Master In Orig Box",50,,,,,,,,,,,,,,
,Criterion Boring Head DBL-203,30,180,150,4/26/23,279,"7lbs, 9x7x6",,,,,,,,,
4/4/23,Criterion Boring Head DBL-206,50,375,325,7/30/23,286,"48lbs, 17x11x10",,,,,,,,,
,18%,9,,,,,,,,,,,,,,
,Tax,5.9,,,,,,,,,,,,,,
4/14/23,Rothenberger Tee Extractor Kit,50,325,275,7/13/23,288,"11lbs, 18x10x8",,,,,,,,,
,Miller Maxstar 200 Welder S/N ME240309L,700,,,,,,,,,,,,,,
,18%,135,,,,,,,,,,,,,,
4/18/23,"LOT: Cross Slide T-Slot Table, Pin Gages, V-Block, Setup Blocks",175,232.61,57.61,,,,,,,,,,,,
,(Phase II?) Cross Slide T-Slot Table,,150,,6/22/23,287,"43lbs, 20x14x14",,,,,,,,,
,Vermont Pin Gage Set,,82.61,,,289,"39lbs,21x17x13",NOTE: RECORD SHPPING PRICE,,,,,,,,
,18%,31.5,,,,,,,,,,,,,,
,Tax,17.56,,,,,,,,,,,,,,
5/3/23,Carbide Lot,110,0,-110,,,,Sold in 291,,,,,,,,
,Carbide Lot,110,510,400,6/16/23,291,"55lbs, 14x11x11",Both lots sold in this one,,,,,,,,
,Milwaukee 3/4 Drill,35,,,,,,,,,,,,,,
,18%,45.9,,,,,,,,,,,,,,
,Tax,0,,,,,,,,,,,,,,
5/23/23,Bridgeport No 2 Boring Head Set W/ Case,110,215,105,7/13/23,294,"16lbs, 18x12x12",,,,,,,,,
,18%,19.8,,,,,,,,,,,,,,
,Tax,0,,,,,,,,,,,,,,
6/18/23,"3 Socket Organizers (2-3/8, 1-1/2)",10,,,,,,,,,,,,,,
,1-1/8 Williams Socket,3,,,,,,,,,,,,,,
,Rope,5,,,,,,,,,,,,,,
,Dwell Tachometer,3,,,,,,,,,,,,,,
,1-1/8 Impact Socket,5,,,,,,,,,,,,,,
,GM Factory AM/FM Radio,10,,,,,,,,,,,,,,
,0000 and 000 Steel Wool,3,,,,,,,,,,,,,,
6/29/23,Misc Machinist Junk from cleaning out bedroom storage,0,19.5,19.5,7/7/23,295,"56lbs, 18x13x13",,,,,,,,,
,Good Machinist Metrology Junk from cleaning out bedroom storage,0,147.5,147.5,8/11/23,297,"21lbs, 19x12x12",,,,,,,,,
,"Good Machinist Tooling Junk from cleaning out bedroom storage ( Tool Holders, Brown and Sharpe 750 C V Block)",0,,,,306,,,,,,,,,,
8/4/23,Lenox Hole Saw Kit with Case,25,,,,,,,,,,,,,,
,Yuasa DMNC-5C01 W/ Controller UDNC-M1,1600,,,,,,,,,,,,,,
,Wohlhaupter UPA5 NMBT-DT50 Boring Head (NOT CAT50),325,,,,303,"78lbs (76.5), 27x22x15",,,,,,,,,
,Lot 2 Eron 12x10x8 Angle Plates,110,302.52,192.52,,,,,,,,,,,,
,A,,162.4,,9/19/23,301,"90lbs (85.2) , 21x14x14",NOTE: RECORD SHIPPING PRICE,,,,,,,,
,B,,140.12,,10/17/23,302,"90lbs (88.1), 21x14x14",NOTE: RECORD SHIPPING PRICE,,,,,,,,
,Mitutoyo Digital Test Indicator W/ Mitutoyo 519-130 MU Checker,120,,,,,,,,,,,,,,
,DoALL Transfer Gage Comparator,10,,,,305,"35lbs (33.3) , 21x21x17",,,,,,,,,
,Federal Transfer Gage Comparator,25,,,,304,"56lbs (54.0), 21x21x17",,,,,,,,,
,6-Piece Tapered Plug Gage Set with Case,40,,,,,,,,,,,,,,
,Lot - Miscellaneous Inspection with (2) Cases,95,,,,,,,,,,,,,,
,Hermann Schmitt Angle Plate Case (EMPTY),,,,,,,,,,,,,,,
,Guide Pillar Fixture?,,,,,,,,,,,,,,,
,Lot,210,,,,,,,,,,,,,,
,Gage Balls,,,,,,,,,,,,,,,
,Mitutoyo Bore Gage Shrouds (Goes around indicator),,,,,,,,,,,,,,,
,"DoAll 6"" Optical Flat 1147 Accuracy:0.000002""",,,,,,,,,,,,,,,
,Van Kuren Optical Flat,,,,,,,,,,,,,,,
8/20/23,Lot ,2.5,,,,,,,,,,,,,,
,Starrett Square With Head,2.5,,,,,,,,,,,,,,
,Stanley Battery Jump Starter,33,,,,,,,,,,,,,,
,NOS Sargent 51 Plane,25,,,,,,,,,,,,,,
,Chain,5,,,,,,,,,,,,,,
,Smoke Machine,10,,,,,,,,,,,,,,
8/27/23,Black and Decker Random Orbital Polisher,20,,,,,,,,,,,,,,
,2.5Gal Blitz Metal Gas Tank,7,,,,,,,,,,,,,,
,Timing Light,3,,,,,,,,,,,,,,
,Snap On Compression Tester Set,94.6,,,,,,,,,,,,,,
12/13/23,ASSORTED TORRINGTON BEARINGS,20,,,,,Heath - Dimex,,,,,,,,,
,HARIG 5C POWERED SPIN FIXTURE,550,,,,308,"27lbs 8oz (27.3lbs), 17x14x11",,,,,,,,,
,"SUBURBAN 6"" X 6"" MAGNETIC SINE TABLE",225,,,,307,"37lbs (36.2), 16x14x10",,,,,,,,,
,"(2) RIGHT ANGLE PLATES 8"" X 5"" X 12""",80,,,,,,,,,,,,,,
,Suburban Right Angle Plate 8x5x12 (A),,,,,309,"51lbs (49.1lbs), 17x14x12",,,,,,,,,
,Suburban Right Angle Plate 8x5x12 (B),,,,,310,"51lbs (47.0lbs), 17x14x12",,,,,,,,,
,18%,157.5,,,,,,,,,,,,,,
,Tax,103.25,,,,,,,,,,,,,,
,,,,,,,,,,,,,,,,
,,,,,,,,,,,,,,,,
,,,,,,,,,,,,,,,,
,,,,,,,,,,,,,,,,
,,,,,,,,,,,,,,,,
,,,,,,,,,,,,,,,,
,,,,,,,,,,,,,,,,
,,,,,,,,,,,,,,,,
,,,,,,,,,,,,,,,,
,,,,,,,,,,,,,,,,
,,,,,,,,,,,,,,,,
,,,,,,,,,,,,,,,,
,,,,,,,,,,,,,,,,
,,,,,,,,,,,,,,,,
,,,,,,,,,,,,,,,,
,,,,,,,,,,,,,,,,
,,,,,,,,,,,,,,,,
,,,,,,,,,,,,,,,,
,,,,,,,,,,,,,,,,
,,,,,,,,,,,,,,,,
,,,,,,,,,,,,,,,,
,,,,,,,,,,,,,,,,
,,,,,,,,,,,,,,,,
,,,,,,,,,,,,,,,,
,,,,,,,,,,,,,,,,
,,,,,,,,,,,,,,,,
,,,,,,,,,,,2022 eBay Fees:,,2196.51,,,
,,,,,,,,,,,2022 Auction Fees:,,1328.02,,,
,,,,,,,,,,,,Bought,,Sold,,
,,,,,,,,,,,,,,,,
,,,,,,,,,,,,,,,,
,,,,,,,,,,,,,,,,
,,,,,,,,,,,,,,,,
,,,,,,,,,,,Total 2022,18251.96,,26183.75,,
,,,,,,,,,,,,,,,,
,,,,,,,,,,,Total + Sales of items bought before 2022,,,27502.21,,
,,,,,,,,,,,Personal,3416.94,,,,
,,,,,,,,,,,,,,,,
,,,,,,,,,,,Business,14835.02,,27502.21,12667.19,
,,,,,,,,,,,Total Profit after storage and taxes,,,,10050.471,34.41942123
,,,,,,,,,,,Unsold Inventory Aquired in 2022,4411.4,,,,
,,,,,,,,,,,"Unsold Inventory Aquired before 2022, not sold through 2022",210,,,,
,,,,,,,,,,,,,,,,
,,,,,,,,,,,,,,,,
,,,,,,,,,,,,,,,,
,,,,,,,,,,,2023,,,,,
,,,,,,,,,,,Total Bought,,5800,,,
,,,,,,,,,,,Total Taxes,,261.95,,,
,,,,,,,,,,,Total Fees,,471.6,,,
,,,,,,,,,,,Inventory from 2022 End,,4412,,,
,,,,,,,,,,,Cost of inventory sold 2023,,1378.8,,,
,,,,,,,,,,,Inventory End of 2023,,8833.2,,,